movie_title,movie_imdb_link,predicted_imdb_score,imdb_score
Underworld: Blood Wars,http://www.imdb.com/title/tt3717252/?ref_=cs_ov_tt,5,5.8
Underworld: Blood Wars,http://www.imdb.com/title/tt3717252/?ref_=cs_ov_tt,5,5.8
Underworld: Blood Wars,http://www.imdb.com/title/tt3717252/?ref_=cs_ov_tt,5,5.8
A Monster Calls,http://www.imdb.com/title/tt3416532/?ref_=cs_ov_tt,7,7.5
A Monster Calls,http://www.imdb.com/title/tt3416532/?ref_=cs_ov_tt,7,7.5
I  Daniel Blake,http://www.imdb.com/title/tt5168192/?ref_=cs_ov_tt,8,7.9
D'Ardennen,http://www.imdb.com/title/tt2586118/?ref_=cs_ov_tt,6,6.8
Railroad Tigers,http://www.imdb.com/title/tt4687848/?ref_=cs_ov_tt,6,6.1
Railroad Tigers,http://www.imdb.com/title/tt4687848/?ref_=cs_ov_tt,6,6.1
Railroad Tigers,http://www.imdb.com/title/tt4687848/?ref_=cs_ov_tt,6,6.1
Patriots Day,http://www.imdb.com/title/tt4572514/?ref_=cs_ov_tt,7,7.4
Patriots Day,http://www.imdb.com/title/tt4572514/?ref_=cs_ov_tt,7,7.4
Patriots Day,http://www.imdb.com/title/tt4572514/?ref_=cs_ov_tt,7,7.4
Monster Trucks,http://www.imdb.com/title/tt3095734/?ref_=cs_ov_tt,5,5.6
Monster Trucks,http://www.imdb.com/title/tt3095734/?ref_=cs_ov_tt,5,5.6
Monster Trucks,http://www.imdb.com/title/tt3095734/?ref_=cs_ov_tt,5,5.6
Monster Trucks,http://www.imdb.com/title/tt3095734/?ref_=cs_ov_tt,5,5.6
Monster Trucks,http://www.imdb.com/title/tt3095734/?ref_=cs_ov_tt,5,5.6
Monster Trucks,http://www.imdb.com/title/tt3095734/?ref_=cs_ov_tt,5,5.6
The Bye Bye Man,http://www.imdb.com/title/tt4030600/?ref_=cs_ov_tt,5,4.1
The Bye Bye Man,http://www.imdb.com/title/tt4030600/?ref_=cs_ov_tt,5,4.1
Sleepless,http://www.imdb.com/title/tt2072233/?ref_=cs_ov_tt,5,5.5
Sleepless,http://www.imdb.com/title/tt2072233/?ref_=cs_ov_tt,5,5.5
Sleepless,http://www.imdb.com/title/tt2072233/?ref_=cs_ov_tt,5,5.5
OK Jaanu,http://www.imdb.com/title/tt5764024/?ref_=cs_ov_tt,5,5.0
OK Jaanu,http://www.imdb.com/title/tt5764024/?ref_=cs_ov_tt,5,5.0
Live by Night,http://www.imdb.com/title/tt2361317/?ref_=cs_ov_tt,6,6.4
Live by Night,http://www.imdb.com/title/tt2361317/?ref_=cs_ov_tt,6,6.4
The Comedian,http://www.imdb.com/title/tt1967614/?ref_=cs_ov_tt,4,4.9
The Book of Love,http://www.imdb.com/title/tt1330018/?ref_=cs_ov_tt,5,5.7
Bad Kids of Crestview Academy,http://www.imdb.com/title/tt3349578/?ref_=cs_ov_tt,4,7.2
Bad Kids of Crestview Academy,http://www.imdb.com/title/tt3349578/?ref_=cs_ov_tt,4,7.2
Bad Kids of Crestview Academy,http://www.imdb.com/title/tt3349578/?ref_=cs_ov_tt,4,7.2
xXx: Return of Xander Cage,http://www.imdb.com/title/tt1293847/?ref_=cs_ov_tt,5,5.4
xXx: Return of Xander Cage,http://www.imdb.com/title/tt1293847/?ref_=cs_ov_tt,5,5.4
xXx: Return of Xander Cage,http://www.imdb.com/title/tt1293847/?ref_=cs_ov_tt,5,5.4
Split,http://www.imdb.com/title/tt4972582/?ref_=cs_ov_tt,7,7.4
Split,http://www.imdb.com/title/tt4972582/?ref_=cs_ov_tt,7,7.4
The Founder,http://www.imdb.com/title/tt4276820/?ref_=cs_ov_tt,7,7.2
The Founder,http://www.imdb.com/title/tt4276820/?ref_=cs_ov_tt,7,7.2
The Founder,http://www.imdb.com/title/tt4276820/?ref_=cs_ov_tt,7,7.2
Rester vertical,http://www.imdb.com/title/tt5231812/?ref_=cs_ov_tt,6,6.5
Rester vertical,http://www.imdb.com/title/tt5231812/?ref_=cs_ov_tt,6,6.5
The Sunshine Makers,http://www.imdb.com/title/tt4456270/?ref_=cs_ov_tt,3,6.8
The Sunshine Makers,http://www.imdb.com/title/tt4456270/?ref_=cs_ov_tt,3,6.8
La tortue rouge,http://www.imdb.com/title/tt3666024/?ref_=cs_ov_tt,7,7.6
La tortue rouge,http://www.imdb.com/title/tt3666024/?ref_=cs_ov_tt,7,7.6
Kedi,http://www.imdb.com/title/tt4420704/?ref_=cs_ov_tt,3,8.0
Detour,http://www.imdb.com/title/tt4372390/?ref_=cs_ov_tt,6,6.3
Resident Evil: The Final Chapter,http://www.imdb.com/title/tt2592614/?ref_=cs_ov_tt,5,5.6
Resident Evil: The Final Chapter,http://www.imdb.com/title/tt2592614/?ref_=cs_ov_tt,5,5.6
Resident Evil: The Final Chapter,http://www.imdb.com/title/tt2592614/?ref_=cs_ov_tt,5,5.6
Resident Evil: The Final Chapter,http://www.imdb.com/title/tt2592614/?ref_=cs_ov_tt,5,5.6
A Dog's Purpose,http://www.imdb.com/title/tt1753383/?ref_=cs_ov_tt,4,5.9
A Dog's Purpose,http://www.imdb.com/title/tt1753383/?ref_=cs_ov_tt,4,5.9
A Dog's Purpose,http://www.imdb.com/title/tt1753383/?ref_=cs_ov_tt,4,5.9
A Dog's Purpose,http://www.imdb.com/title/tt1753383/?ref_=cs_ov_tt,4,5.9
A Dog's Purpose,http://www.imdb.com/title/tt1753383/?ref_=cs_ov_tt,4,5.9
Gold,http://www.imdb.com/title/tt1800302/?ref_=cs_ov_tt,6,6.6
Gold,http://www.imdb.com/title/tt1800302/?ref_=cs_ov_tt,6,6.6
Gold,http://www.imdb.com/title/tt1800302/?ref_=cs_ov_tt,6,6.6
Forushande,http://www.imdb.com/title/tt5186714/?ref_=cs_ov_tt,8,8.0
Forushande,http://www.imdb.com/title/tt5186714/?ref_=cs_ov_tt,8,8.0
Un Padre No Tan Padre,http://www.imdb.com/title/tt4958468/?ref_=cs_ov_tt,6,6.9
Gong fu yu jia,http://www.imdb.com/title/tt4217392/?ref_=cs_ov_tt,6,5.6
Gong fu yu jia,http://www.imdb.com/title/tt4217392/?ref_=cs_ov_tt,6,5.6
Gong fu yu jia,http://www.imdb.com/title/tt4217392/?ref_=cs_ov_tt,6,5.6
Gong fu yu jia,http://www.imdb.com/title/tt4217392/?ref_=cs_ov_tt,6,5.6
Midsummer in Newtown,http://www.imdb.com/title/tt5598212/?ref_=cs_ov_tt,7,6.9
The Space Between Us,http://www.imdb.com/title/tt3922818/?ref_=cs_ov_tt,6,6.4
The Space Between Us,http://www.imdb.com/title/tt3922818/?ref_=cs_ov_tt,6,6.4
The Space Between Us,http://www.imdb.com/title/tt3922818/?ref_=cs_ov_tt,6,6.4
The Space Between Us,http://www.imdb.com/title/tt3922818/?ref_=cs_ov_tt,6,6.4
Rings,http://www.imdb.com/title/tt0498381/?ref_=cs_ov_tt,5,4.5
Rings,http://www.imdb.com/title/tt0498381/?ref_=cs_ov_tt,5,4.5
Journey to the West: The Demons Strike Back,http://www.imdb.com/title/tt5273624/?ref_=cs_ov_tt,6,5.6
Journey to the West: The Demons Strike Back,http://www.imdb.com/title/tt5273624/?ref_=cs_ov_tt,6,5.6
Journey to the West: The Demons Strike Back,http://www.imdb.com/title/tt5273624/?ref_=cs_ov_tt,6,5.6
I Am Not Your Negro,http://www.imdb.com/title/tt5804038/?ref_=cs_ov_tt,6,7.3
The Comedian,http://www.imdb.com/title/tt1967614/?ref_=cs_ov_tt,4,4.9
The LEGO Batman Movie,http://www.imdb.com/title/tt4116284/?ref_=cs_ov_tt,8,7.6
The LEGO Batman Movie,http://www.imdb.com/title/tt4116284/?ref_=cs_ov_tt,8,7.6
The LEGO Batman Movie,http://www.imdb.com/title/tt4116284/?ref_=cs_ov_tt,8,7.6
The LEGO Batman Movie,http://www.imdb.com/title/tt4116284/?ref_=cs_ov_tt,8,7.6
The LEGO Batman Movie,http://www.imdb.com/title/tt4116284/?ref_=cs_ov_tt,8,7.6
The LEGO Batman Movie,http://www.imdb.com/title/tt4116284/?ref_=cs_ov_tt,8,7.6
Fifty Shades Darker,http://www.imdb.com/title/tt4465564/?ref_=cs_ov_tt,6,4.7
Fifty Shades Darker,http://www.imdb.com/title/tt4465564/?ref_=cs_ov_tt,6,4.7
John Wick: Chapter 2,http://www.imdb.com/title/tt4425200/?ref_=cs_ov_tt,7,8.1
John Wick: Chapter 2,http://www.imdb.com/title/tt4425200/?ref_=cs_ov_tt,7,8.1
John Wick: Chapter 2,http://www.imdb.com/title/tt4425200/?ref_=cs_ov_tt,7,8.1
Jolly LLB 2,http://www.imdb.com/title/tt5982852/?ref_=cs_ov_tt,7,7.6
Jolly LLB 2,http://www.imdb.com/title/tt5982852/?ref_=cs_ov_tt,7,7.6
A United Kingdom,http://www.imdb.com/title/tt3387266/?ref_=cs_ov_tt,6,6.7
A United Kingdom,http://www.imdb.com/title/tt3387266/?ref_=cs_ov_tt,6,6.7
A United Kingdom,http://www.imdb.com/title/tt3387266/?ref_=cs_ov_tt,6,6.7
Kedi,http://www.imdb.com/title/tt4420704/?ref_=cs_ov_tt,3,8.0
The Great Wall,http://www.imdb.com/title/tt2034800/?ref_=cs_ov_tt,6,6.1
The Great Wall,http://www.imdb.com/title/tt2034800/?ref_=cs_ov_tt,6,6.1
The Great Wall,http://www.imdb.com/title/tt2034800/?ref_=cs_ov_tt,6,6.1
The Great Wall,http://www.imdb.com/title/tt2034800/?ref_=cs_ov_tt,6,6.1
Fist Fight,http://www.imdb.com/title/tt3401882/?ref_=cs_ov_tt,5,5.8
A Cure for Wellness,http://www.imdb.com/title/tt4731136/?ref_=cs_ov_tt,6,6.5
A Cure for Wellness,http://www.imdb.com/title/tt4731136/?ref_=cs_ov_tt,6,6.5
A Cure for Wellness,http://www.imdb.com/title/tt4731136/?ref_=cs_ov_tt,6,6.5
A Cure for Wellness,http://www.imdb.com/title/tt4731136/?ref_=cs_ov_tt,6,6.5
A Cure for Wellness,http://www.imdb.com/title/tt4731136/?ref_=cs_ov_tt,6,6.5
A Cure for Wellness,http://www.imdb.com/title/tt4731136/?ref_=cs_ov_tt,6,6.5
Under sandet,http://www.imdb.com/title/tt3841424/?ref_=cs_ov_tt,7,7.8
Under sandet,http://www.imdb.com/title/tt3841424/?ref_=cs_ov_tt,7,7.8
Under sandet,http://www.imdb.com/title/tt3841424/?ref_=cs_ov_tt,7,7.8
Everybody Loves Somebody,http://www.imdb.com/title/tt5537228/?ref_=cs_ov_tt,6,6.6
Everybody Loves Somebody,http://www.imdb.com/title/tt5537228/?ref_=cs_ov_tt,6,6.6
Lovesong,http://www.imdb.com/title/tt4305148/?ref_=cs_ov_tt,6,6.5
In Dubious Battle,http://www.imdb.com/title/tt4411618/?ref_=cs_ov_tt,6,6.2
XX,http://www.imdb.com/title/tt3322892/?ref_=cs_ov_tt,6,4.7
Get Out,http://www.imdb.com/title/tt5052448/?ref_=cs_ov_tt,6,8.1
Get Out,http://www.imdb.com/title/tt5052448/?ref_=cs_ov_tt,6,8.1
Collide,http://www.imdb.com/title/tt2126235/?ref_=cs_ov_tt,5,5.7
Collide,http://www.imdb.com/title/tt2126235/?ref_=cs_ov_tt,5,5.7
Collide,http://www.imdb.com/title/tt2126235/?ref_=cs_ov_tt,5,5.7
Rock Dog,http://www.imdb.com/title/tt2822672/?ref_=cs_ov_tt,5,5.6
Rock Dog,http://www.imdb.com/title/tt2822672/?ref_=cs_ov_tt,5,5.6
Rock Dog,http://www.imdb.com/title/tt2822672/?ref_=cs_ov_tt,5,5.6
Rock Dog,http://www.imdb.com/title/tt2822672/?ref_=cs_ov_tt,5,5.6
Rock Dog,http://www.imdb.com/title/tt2822672/?ref_=cs_ov_tt,5,5.6
Bitter Harvest,http://www.imdb.com/title/tt3182620/?ref_=cs_ov_tt,5,6.1
Bitter Harvest,http://www.imdb.com/title/tt3182620/?ref_=cs_ov_tt,5,6.1
Bitter Harvest,http://www.imdb.com/title/tt3182620/?ref_=cs_ov_tt,5,6.1
As You Are,http://www.imdb.com/title/tt4444438/?ref_=cs_ov_tt,6,6.6
As You Are,http://www.imdb.com/title/tt4444438/?ref_=cs_ov_tt,6,6.6
Punching Henry,http://www.imdb.com/title/tt4283414/?ref_=cs_ov_tt,5,5.6
Logan,http://www.imdb.com/title/tt3315342/?ref_=cs_ov_tt,7,8.4
Logan,http://www.imdb.com/title/tt3315342/?ref_=cs_ov_tt,7,8.4
Logan,http://www.imdb.com/title/tt3315342/?ref_=cs_ov_tt,7,8.4
Logan,http://www.imdb.com/title/tt3315342/?ref_=cs_ov_tt,7,8.4
The Shack,http://www.imdb.com/title/tt2872518/?ref_=cs_ov_tt,3,6.5
The Shack,http://www.imdb.com/title/tt2872518/?ref_=cs_ov_tt,3,6.5
Before I Fall,http://www.imdb.com/title/tt1691916/?ref_=cs_ov_tt,6,6.5
Before I Fall,http://www.imdb.com/title/tt1691916/?ref_=cs_ov_tt,6,6.5
Table 19,http://www.imdb.com/title/tt1412528/?ref_=cs_ov_tt,7,5.8
Table 19,http://www.imdb.com/title/tt1412528/?ref_=cs_ov_tt,7,5.8
The Last Word,http://www.imdb.com/title/tt5023260/?ref_=cs_ov_tt,6,6.6
The Last Word,http://www.imdb.com/title/tt5023260/?ref_=cs_ov_tt,6,6.6
Donald Cried,http://www.imdb.com/title/tt4442604/?ref_=cs_ov_tt,7,6.9
Donald Cried,http://www.imdb.com/title/tt4442604/?ref_=cs_ov_tt,7,6.9
Catfight,http://www.imdb.com/title/tt5294198/?ref_=cs_ov_tt,5,5.7
Catfight,http://www.imdb.com/title/tt5294198/?ref_=cs_ov_tt,5,5.7
Wolves,http://www.imdb.com/title/tt4623856/?ref_=cs_ov_tt,5,5.3
Junction 48,http://www.imdb.com/title/tt5140182/?ref_=cs_ov_tt,6,7.2
Junction 48,http://www.imdb.com/title/tt5140182/?ref_=cs_ov_tt,6,7.2
Junction 48,http://www.imdb.com/title/tt5140182/?ref_=cs_ov_tt,6,7.2
Junction 48,http://www.imdb.com/title/tt5140182/?ref_=cs_ov_tt,6,7.2
Junction 48,http://www.imdb.com/title/tt5140182/?ref_=cs_ov_tt,6,7.2
Junction 48,http://www.imdb.com/title/tt5140182/?ref_=cs_ov_tt,6,7.2
Contemporary Color,http://www.imdb.com/title/tt5258306/?ref_=cs_ov_tt,6,6.9
Kong: Skull Island,http://www.imdb.com/title/tt3731562/?ref_=cs_ov_tt,7,7.0
Kong: Skull Island,http://www.imdb.com/title/tt3731562/?ref_=cs_ov_tt,7,7.0
Kong: Skull Island,http://www.imdb.com/title/tt3731562/?ref_=cs_ov_tt,7,7.0
Kong: Skull Island,http://www.imdb.com/title/tt3731562/?ref_=cs_ov_tt,7,7.0
Grave,http://www.imdb.com/title/tt4954522/?ref_=cs_ov_tt,7,7.5
Grave,http://www.imdb.com/title/tt4954522/?ref_=cs_ov_tt,7,7.5
Badrinath Ki Dulhania,http://www.imdb.com/title/tt6277440/?ref_=cs_ov_tt,6,6.3
Badrinath Ki Dulhania,http://www.imdb.com/title/tt6277440/?ref_=cs_ov_tt,6,6.3
Badrinath Ki Dulhania,http://www.imdb.com/title/tt6277440/?ref_=cs_ov_tt,6,6.3
The Ottoman Lieutenant,http://www.imdb.com/title/tt4943322/?ref_=cs_ov_tt,7,4.7
The Ottoman Lieutenant,http://www.imdb.com/title/tt4943322/?ref_=cs_ov_tt,7,4.7
Personal Shopper,http://www.imdb.com/title/tt4714782/?ref_=cs_ov_tt,6,6.4
Personal Shopper,http://www.imdb.com/title/tt4714782/?ref_=cs_ov_tt,6,6.4
Personal Shopper,http://www.imdb.com/title/tt4714782/?ref_=cs_ov_tt,6,6.4
The Sense of an Ending,http://www.imdb.com/title/tt4827986/?ref_=cs_ov_tt,4,6.7
My Scientology Movie,http://www.imdb.com/title/tt5111874/?ref_=cs_ov_tt,5,6.7
The Other Half,http://www.imdb.com/title/tt4625334/?ref_=cs_ov_tt,5,5.3
The Other Half,http://www.imdb.com/title/tt4625334/?ref_=cs_ov_tt,5,5.3
The Dark Below,http://www.imdb.com/title/tt3591696/?ref_=cs_ov_tt,5,5.1
Uncertain,http://www.imdb.com/title/tt2630352/?ref_=cs_ov_tt,7,7.5
Uncertain,http://www.imdb.com/title/tt2630352/?ref_=cs_ov_tt,7,7.5
Uncertain,http://www.imdb.com/title/tt2630352/?ref_=cs_ov_tt,7,7.5
Suntan,http://www.imdb.com/title/tt3954660/?ref_=cs_ov_tt,6,6.9
Suntan,http://www.imdb.com/title/tt3954660/?ref_=cs_ov_tt,6,6.9
Suntan,http://www.imdb.com/title/tt3954660/?ref_=cs_ov_tt,6,6.9
Suntan,http://www.imdb.com/title/tt3954660/?ref_=cs_ov_tt,6,6.9
Beauty and the Beast,http://www.imdb.com/title/tt2771200/?ref_=cs_ov_tt,7,7.7
Beauty and the Beast,http://www.imdb.com/title/tt2771200/?ref_=cs_ov_tt,7,7.7
Beauty and the Beast,http://www.imdb.com/title/tt2771200/?ref_=cs_ov_tt,7,7.7
Beauty and the Beast,http://www.imdb.com/title/tt2771200/?ref_=cs_ov_tt,7,7.7
T2 Trainspotting,http://www.imdb.com/title/tt2763304/?ref_=cs_ov_tt,7,7.7
Song to Song,http://www.imdb.com/title/tt2062700/?ref_=cs_ov_tt,5,6.7
Song to Song,http://www.imdb.com/title/tt2062700/?ref_=cs_ov_tt,5,6.7
Song to Song,http://www.imdb.com/title/tt2062700/?ref_=cs_ov_tt,5,6.7
The Belko Experiment,http://www.imdb.com/title/tt1082807/?ref_=cs_ov_tt,6,6.4
The Belko Experiment,http://www.imdb.com/title/tt1082807/?ref_=cs_ov_tt,6,6.4
The Belko Experiment,http://www.imdb.com/title/tt1082807/?ref_=cs_ov_tt,6,6.4
Frantz,http://www.imdb.com/title/tt5029608/?ref_=cs_ov_tt,7,7.5
Frantz,http://www.imdb.com/title/tt5029608/?ref_=cs_ov_tt,7,7.5
Frantz,http://www.imdb.com/title/tt5029608/?ref_=cs_ov_tt,7,7.5
They Call Me Jeeg,http://www.imdb.com/title/tt3775086/?ref_=cs_ov_tt,7,7.3
They Call Me Jeeg,http://www.imdb.com/title/tt3775086/?ref_=cs_ov_tt,7,7.3
They Call Me Jeeg,http://www.imdb.com/title/tt3775086/?ref_=cs_ov_tt,7,7.3
Betting on Zero,http://www.imdb.com/title/tt3762912/?ref_=cs_ov_tt,3,7.6
Power Rangers,http://www.imdb.com/title/tt3717490/?ref_=cs_ov_tt,6,6.9
Power Rangers,http://www.imdb.com/title/tt3717490/?ref_=cs_ov_tt,6,6.9
Power Rangers,http://www.imdb.com/title/tt3717490/?ref_=cs_ov_tt,6,6.9
Life,http://www.imdb.com/title/tt5442430/?ref_=cs_ov_tt,5,7.0
Life,http://www.imdb.com/title/tt5442430/?ref_=cs_ov_tt,5,7.0
Life,http://www.imdb.com/title/tt5442430/?ref_=cs_ov_tt,5,7.0
CHIPS,http://www.imdb.com/title/tt0493405/?ref_=cs_ov_tt,6,5.6
CHIPS,http://www.imdb.com/title/tt0493405/?ref_=cs_ov_tt,6,5.6
CHIPS,http://www.imdb.com/title/tt0493405/?ref_=cs_ov_tt,6,5.6
Wilson,http://www.imdb.com/title/tt1781058/?ref_=cs_ov_tt,7,5.9
Prevenge,http://www.imdb.com/title/tt5154288/?ref_=cs_ov_tt,6,6.1
Prevenge,http://www.imdb.com/title/tt5154288/?ref_=cs_ov_tt,6,6.1
Prevenge,http://www.imdb.com/title/tt5154288/?ref_=cs_ov_tt,6,6.1
Prevenge,http://www.imdb.com/title/tt5154288/?ref_=cs_ov_tt,6,6.1
Prevenge,http://www.imdb.com/title/tt5154288/?ref_=cs_ov_tt,6,6.1
The Levelling,http://www.imdb.com/title/tt5158522/?ref_=cs_ov_tt,6,6.3
Slamma Jamma,http://www.imdb.com/title/tt5319866/?ref_=cs_ov_tt,5,8.1
Slamma Jamma,http://www.imdb.com/title/tt5319866/?ref_=cs_ov_tt,5,8.1
Ghost in the Shell,http://www.imdb.com/title/tt1219827/?ref_=cs_ov_tt,6,6.8
Ghost in the Shell,http://www.imdb.com/title/tt1219827/?ref_=cs_ov_tt,6,6.8
Ghost in the Shell,http://www.imdb.com/title/tt1219827/?ref_=cs_ov_tt,6,6.8
Ghost in the Shell,http://www.imdb.com/title/tt1219827/?ref_=cs_ov_tt,6,6.8
Ghost in the Shell,http://www.imdb.com/title/tt1219827/?ref_=cs_ov_tt,6,6.8
Ghost in the Shell,http://www.imdb.com/title/tt1219827/?ref_=cs_ov_tt,6,6.8
The Boss Baby,http://www.imdb.com/title/tt3874544/?ref_=cs_ov_tt,6,6.5
The Boss Baby,http://www.imdb.com/title/tt3874544/?ref_=cs_ov_tt,6,6.5
The Boss Baby,http://www.imdb.com/title/tt3874544/?ref_=cs_ov_tt,6,6.5
The Zookeeper's Wife,http://www.imdb.com/title/tt1730768/?ref_=cs_ov_tt,6,7.3
The Zookeeper's Wife,http://www.imdb.com/title/tt1730768/?ref_=cs_ov_tt,6,7.3
The Zookeeper's Wife,http://www.imdb.com/title/tt1730768/?ref_=cs_ov_tt,6,7.3
The Zookeeper's Wife,http://www.imdb.com/title/tt1730768/?ref_=cs_ov_tt,6,7.3
Naam Shabana,http://www.imdb.com/title/tt6170954/?ref_=cs_ov_tt,6,6.6
Naam Shabana,http://www.imdb.com/title/tt6170954/?ref_=cs_ov_tt,6,6.6
Czanne et moi,http://www.imdb.com/title/tt5078354/?ref_=cs_ov_tt,6,5.9
Czanne et moi,http://www.imdb.com/title/tt5078354/?ref_=cs_ov_tt,6,5.9
