movie_title,movie_imdb_link,imdb_score
Smurfs: The Lost Village,http://www.imdb.com/title/tt2398241/?ref_=cs_ov_tt,6.06594858
Smurfs: The Lost Village,http://www.imdb.com/title/tt2398241/?ref_=cs_ov_tt,5.99632696
Smurfs: The Lost Village,http://www.imdb.com/title/tt2398241/?ref_=cs_ov_tt,6.03113777
Smurfs: The Lost Village,http://www.imdb.com/title/tt2398241/?ref_=cs_ov_tt,6.09379723
Smurfs: The Lost Village,http://www.imdb.com/title/tt2398241/?ref_=cs_ov_tt,6.00328912
Going in Style,http://www.imdb.com/title/tt2568862/?ref_=cs_ov_tt,6.03421461
Going in Style,http://www.imdb.com/title/tt2568862/?ref_=cs_ov_tt,6.07598758
The Case for Christ,http://www.imdb.com/title/tt6113488/?ref_=cs_ov_tt,6.10269257
Colossal,http://www.imdb.com/title/tt4680182/?ref_=cs_ov_tt,6.02746729
Colossal,http://www.imdb.com/title/tt4680182/?ref_=cs_ov_tt,6.06924026
Colossal,http://www.imdb.com/title/tt4680182/?ref_=cs_ov_tt,6.0970889
Alive and Kicking,http://www.imdb.com/title/tt4329394/?ref_=cs_ov_tt,5.85233138
Alive and Kicking,http://www.imdb.com/title/tt4329394/?ref_=cs_ov_tt,5.76182328
Alive and Kicking,http://www.imdb.com/title/tt4329394/?ref_=cs_ov_tt,5.82448273
Czanne et moi,http://www.imdb.com/title/tt5078354/?ref_=cs_ov_tt,5.81532719
Czanne et moi,http://www.imdb.com/title/tt5078354/?ref_=cs_ov_tt,5.74570557
Gifted,http://www.imdb.com/title/tt4481414/?ref_=cs_ov_tt,6.08772891
Bacalaureat,http://www.imdb.com/title/tt4936450/?ref_=cs_ov_tt,5.86578887
Bacalaureat,http://www.imdb.com/title/tt4936450/?ref_=cs_ov_tt,5.80312941
Their Finest,http://www.imdb.com/title/tt1661275/?ref_=cs_ov_tt,5.96226621
Their Finest,http://www.imdb.com/title/tt1661275/?ref_=cs_ov_tt,5.94137972
Their Finest,http://www.imdb.com/title/tt1661275/?ref_=cs_ov_tt,5.96922837
Their Finest,http://www.imdb.com/title/tt1661275/?ref_=cs_ov_tt,6.03188783
The Void,http://www.imdb.com/title/tt4255304/?ref_=cs_ov_tt,6.13786901
The Void,http://www.imdb.com/title/tt4255304/?ref_=cs_ov_tt,6.1030582
The Void,http://www.imdb.com/title/tt4255304/?ref_=cs_ov_tt,6.14483117
Kimi no na wa,http://www.imdb.com/title/tt5311514/?ref_=cs_ov_tt,5.94713213
Kimi no na wa,http://www.imdb.com/title/tt5311514/?ref_=cs_ov_tt,5.89143483
Kimi no na wa,http://www.imdb.com/title/tt5311514/?ref_=cs_ov_tt,5.88447267
Kimi no na wa,http://www.imdb.com/title/tt5311514/?ref_=cs_ov_tt,5.91928348
SHOT! The Psycho-Spiritual Mantra of Rock,http://www.imdb.com/title/tt3044562/?ref_=cs_ov_tt,5.78589277
SHOT! The Psycho-Spiritual Mantra of Rock,http://www.imdb.com/title/tt3044562/?ref_=cs_ov_tt,5.73019548
SHOT! The Psycho-Spiritual Mantra of Rock,http://www.imdb.com/title/tt3044562/?ref_=cs_ov_tt,5.75804412
The Fate of the Furious,http://www.imdb.com/title/tt4630562/?ref_=cs_ov_tt,6.8335505
The Fate of the Furious,http://www.imdb.com/title/tt4630562/?ref_=cs_ov_tt,6.84051266
The Fate of the Furious,http://www.imdb.com/title/tt4630562/?ref_=cs_ov_tt,6.91709644
The Fate of the Furious,http://www.imdb.com/title/tt4630562/?ref_=cs_ov_tt,6.86836131
Spark: A Space Tail,http://www.imdb.com/title/tt3228088/?ref_=cs_ov_tt,6.10256103
Spark: A Space Tail,http://www.imdb.com/title/tt3228088/?ref_=cs_ov_tt,6.03293941
Spark: A Space Tail,http://www.imdb.com/title/tt3228088/?ref_=cs_ov_tt,6.06775022
Spark: A Space Tail,http://www.imdb.com/title/tt3228088/?ref_=cs_ov_tt,6.13040968
Spark: A Space Tail,http://www.imdb.com/title/tt3228088/?ref_=cs_ov_tt,6.09559887
The Lost City of Z,http://www.imdb.com/title/tt1212428/?ref_=cs_ov_tt,6.34646774
The Lost City of Z,http://www.imdb.com/title/tt1212428/?ref_=cs_ov_tt,6.35342991
The Lost City of Z,http://www.imdb.com/title/tt1212428/?ref_=cs_ov_tt,6.43697585
The Lost City of Z,http://www.imdb.com/title/tt1212428/?ref_=cs_ov_tt,6.36735423
The Lost City of Z,http://www.imdb.com/title/tt1212428/?ref_=cs_ov_tt,6.40216504
Norman,http://www.imdb.com/title/tt4191702/?ref_=cs_ov_tt,6.04021835
Norman,http://www.imdb.com/title/tt4191702/?ref_=cs_ov_tt,6.05414267
Jeremiah Tower: The Last Magnificent,http://www.imdb.com/title/tt5163286/?ref_=cs_ov_tt,5.78009521
Jeremiah Tower: The Last Magnificent,http://www.imdb.com/title/tt5163286/?ref_=cs_ov_tt,5.72439792
The Student,http://www.imdb.com/title/tt4874206/?ref_=cs_ov_tt,5.97310366
A Quiet Passion,http://www.imdb.com/title/tt2392830/?ref_=cs_ov_tt,6.06876431
A Quiet Passion,http://www.imdb.com/title/tt2392830/?ref_=cs_ov_tt,5.9991427
Tommy's Honour,http://www.imdb.com/title/tt3467914/?ref_=cs_ov_tt,6.12222554
Tommy's Honour,http://www.imdb.com/title/tt3467914/?ref_=cs_ov_tt,6.05260392
Tommy's Honour,http://www.imdb.com/title/tt3467914/?ref_=cs_ov_tt,6.08045257
Tommy's Honour,http://www.imdb.com/title/tt3467914/?ref_=cs_ov_tt,6.1291877
Unforgettable,http://www.imdb.com/title/tt3462710/?ref_=cs_ov_tt,5.75869459
Unforgettable,http://www.imdb.com/title/tt3462710/?ref_=cs_ov_tt,5.77261892
Born in China,http://www.imdb.com/title/tt4629266/?ref_=cs_ov_tt,6.20473188
Phoenix Forgotten,http://www.imdb.com/title/tt6574272/?ref_=cs_ov_tt,5.58332683
Phoenix Forgotten,http://www.imdb.com/title/tt6574272/?ref_=cs_ov_tt,5.54851602
Phoenix Forgotten,http://www.imdb.com/title/tt6574272/?ref_=cs_ov_tt,5.59028899
Free Fire,http://www.imdb.com/title/tt4158096/?ref_=cs_ov_tt,6.03412326
Free Fire,http://www.imdb.com/title/tt4158096/?ref_=cs_ov_tt,6.1176692
Free Fire,http://www.imdb.com/title/tt4158096/?ref_=cs_ov_tt,6.06893407
Jeremiah Tower: The Last Magnificent,http://www.imdb.com/title/tt5163286/?ref_=cs_ov_tt,5.78009521
Jeremiah Tower: The Last Magnificent,http://www.imdb.com/title/tt5163286/?ref_=cs_ov_tt,5.72439792
Hymyilev mies,http://www.imdb.com/title/tt4771932/?ref_=cs_ov_tt,5.7849845
Hymyilev mies,http://www.imdb.com/title/tt4771932/?ref_=cs_ov_tt,5.71536288
Hymyilev mies,http://www.imdb.com/title/tt4771932/?ref_=cs_ov_tt,5.74321152
Hymyilev mies,http://www.imdb.com/title/tt4771932/?ref_=cs_ov_tt,5.79194666
The Promise,http://www.imdb.com/title/tt4776998/?ref_=cs_ov_tt,5.92550671
The Promise,http://www.imdb.com/title/tt4776998/?ref_=cs_ov_tt,5.96031752
Leap!,http://www.imdb.com/title/tt2261287/?ref_=cs_ov_tt,5.85578737
Leap!,http://www.imdb.com/title/tt2261287/?ref_=cs_ov_tt,5.78616576
Leap!,http://www.imdb.com/title/tt2261287/?ref_=cs_ov_tt,5.82097656
Leap!,http://www.imdb.com/title/tt2261287/?ref_=cs_ov_tt,5.88363602
Leap!,http://www.imdb.com/title/tt2261287/?ref_=cs_ov_tt,5.91844683
Citizen Jane: Battle for the City,http://www.imdb.com/title/tt3699354/?ref_=cs_ov_tt,5.86177701
Citizen Jane: Battle for the City,http://www.imdb.com/title/tt3699354/?ref_=cs_ov_tt,5.80607972
Citizen Jane: Battle for the City,http://www.imdb.com/title/tt3699354/?ref_=cs_ov_tt,5.77126891
The Circle,http://www.imdb.com/title/tt4287320/?ref_=cs_ov_tt,6.05160549
The Circle,http://www.imdb.com/title/tt4287320/?ref_=cs_ov_tt,6.10034062
The Circle,http://www.imdb.com/title/tt4287320/?ref_=cs_ov_tt,6.06552981
How to Be a Latin Lover,http://www.imdb.com/title/tt4795124/?ref_=cs_ov_tt,5.50712905
Sleight,http://www.imdb.com/title/tt4573516/?ref_=cs_ov_tt,5.61444076
Sleight,http://www.imdb.com/title/tt4573516/?ref_=cs_ov_tt,5.63532725
Sleight,http://www.imdb.com/title/tt4573516/?ref_=cs_ov_tt,5.68406238
Sleight,http://www.imdb.com/title/tt4573516/?ref_=cs_ov_tt,5.64925157
Buster's Mal Heart,http://www.imdb.com/title/tt5173032/?ref_=cs_ov_tt,6.06308529
Buster's Mal Heart,http://www.imdb.com/title/tt5173032/?ref_=cs_ov_tt,6.07004745
Buster's Mal Heart,http://www.imdb.com/title/tt5173032/?ref_=cs_ov_tt,6.07700961
Shavua ve Yom,http://www.imdb.com/title/tt4777584/?ref_=cs_ov_tt,5.74492064
Below Her Mouth,http://www.imdb.com/title/tt5073620/?ref_=cs_ov_tt,6.08968275
Guardians of the Galaxy Vol. 2,http://www.imdb.com/title/tt3896198/?ref_=cs_ov_tt,5.87564075
Guardians of the Galaxy Vol. 2,http://www.imdb.com/title/tt3896198/?ref_=cs_ov_tt,5.88260291
Guardians of the Galaxy Vol. 2,http://www.imdb.com/title/tt3896198/?ref_=cs_ov_tt,5.94526237
The Lovers,http://www.imdb.com/title/tt5770620/?ref_=cs_ov_tt,5.88030194
The Dinner,http://www.imdb.com/title/tt3203620/?ref_=cs_ov_tt,6.03355753
The Dinner,http://www.imdb.com/title/tt3203620/?ref_=cs_ov_tt,6.0405197
The Dinner,http://www.imdb.com/title/tt3203620/?ref_=cs_ov_tt,6.04748186
3 Generations,http://www.imdb.com/title/tt4158624/?ref_=cs_ov_tt,6.09245788
King Arthur: Legend of the Sword,http://www.imdb.com/title/tt1972591/?ref_=cs_ov_tt,6.18789767
King Arthur: Legend of the Sword,http://www.imdb.com/title/tt1972591/?ref_=cs_ov_tt,6.19485983
King Arthur: Legend of the Sword,http://www.imdb.com/title/tt1972591/?ref_=cs_ov_tt,6.20878416
King Arthur: Legend of the Sword,http://www.imdb.com/title/tt1972591/?ref_=cs_ov_tt,6.20182199
Snatched,http://www.imdb.com/title/tt2334871/?ref_=cs_ov_tt,5.95644602
Snatched,http://www.imdb.com/title/tt2334871/?ref_=cs_ov_tt,5.99821899
Lowriders,http://www.imdb.com/title/tt1366338/?ref_=cs_ov_tt,5.82602788
Paris Can Wait,http://www.imdb.com/title/tt4429194/?ref_=cs_ov_tt,5.7689847
Paris Can Wait,http://www.imdb.com/title/tt4429194/?ref_=cs_ov_tt,5.77594686
The Wall,http://www.imdb.com/title/tt4218696/?ref_=cs_ov_tt,5.97043845
The Wall,http://www.imdb.com/title/tt4218696/?ref_=cs_ov_tt,5.98436277
The Wall,http://www.imdb.com/title/tt4218696/?ref_=cs_ov_tt,6.06094656
The Wedding Plan,http://www.imdb.com/title/tt5991206/?ref_=cs_ov_tt,5.87968603
The Wedding Plan,http://www.imdb.com/title/tt5991206/?ref_=cs_ov_tt,5.88664819
Alien: Covenant,http://www.imdb.com/title/tt2316204/?ref_=cs_ov_tt,6.27098884
Alien: Covenant,http://www.imdb.com/title/tt2316204/?ref_=cs_ov_tt,6.23617804
Diary of a Wimpy Kid: The Long Haul,http://www.imdb.com/title/tt6003368/?ref_=cs_ov_tt,6.0593343
Diary of a Wimpy Kid: The Long Haul,http://www.imdb.com/title/tt6003368/?ref_=cs_ov_tt,6.12199376
Everything  Everything,http://www.imdb.com/title/tt5001718/?ref_=cs_ov_tt,5.54474786
Everything  Everything,http://www.imdb.com/title/tt5001718/?ref_=cs_ov_tt,5.57259651
Pirates of the Caribbean: Dead Men Tell No Tales,http://www.imdb.com/title/tt1790809/?ref_=cs_ov_tt,6.03152665
Pirates of the Caribbean: Dead Men Tell No Tales,http://www.imdb.com/title/tt1790809/?ref_=cs_ov_tt,6.03848881
Pirates of the Caribbean: Dead Men Tell No Tales,http://www.imdb.com/title/tt1790809/?ref_=cs_ov_tt,6.07329962
Pirates of the Caribbean: Dead Men Tell No Tales,http://www.imdb.com/title/tt1790809/?ref_=cs_ov_tt,6.04545097
Baywatch,http://www.imdb.com/title/tt1469304/?ref_=cs_ov_tt,6.17408251
Wonder Woman,http://www.imdb.com/title/tt0451279/?ref_=cs_ov_tt,5.50754707
Wonder Woman,http://www.imdb.com/title/tt0451279/?ref_=cs_ov_tt,5.51450923
Wonder Woman,http://www.imdb.com/title/tt0451279/?ref_=cs_ov_tt,5.52147139
Wonder Woman,http://www.imdb.com/title/tt0451279/?ref_=cs_ov_tt,5.57716868
Captain Underpants: The First Epic Movie,http://www.imdb.com/title/tt2091256/?ref_=cs_ov_tt,5.67209479
Captain Underpants: The First Epic Movie,http://www.imdb.com/title/tt2091256/?ref_=cs_ov_tt,5.59551101
Captain Underpants: The First Epic Movie,http://www.imdb.com/title/tt2091256/?ref_=cs_ov_tt,5.60247317
Captain Underpants: The First Epic Movie,http://www.imdb.com/title/tt2091256/?ref_=cs_ov_tt,5.63728398
Captain Underpants: The First Epic Movie,http://www.imdb.com/title/tt2091256/?ref_=cs_ov_tt,5.69994344
Dean,http://www.imdb.com/title/tt3914332/?ref_=cs_ov_tt,5.93159406
Dean,http://www.imdb.com/title/tt3914332/?ref_=cs_ov_tt,5.91070758
3 Idiotas,http://www.imdb.com/title/tt3685624/?ref_=cs_ov_tt,5.93597367
3 Idiotas,http://www.imdb.com/title/tt3685624/?ref_=cs_ov_tt,5.99863313
Past Life,http://www.imdb.com/title/tt5787384/?ref_=cs_ov_tt,6.00434975
The B-Side: Elsa Dorfman's Portrait Photography,http://www.imdb.com/title/tt5952468/?ref_=cs_ov_tt,5.79969306
The Mummy,http://www.imdb.com/title/tt2345759/?ref_=cs_ov_tt,5.79752807
The Mummy,http://www.imdb.com/title/tt2345759/?ref_=cs_ov_tt,5.80449023
The Mummy,http://www.imdb.com/title/tt2345759/?ref_=cs_ov_tt,5.81145239
The Mummy,http://www.imdb.com/title/tt2345759/?ref_=cs_ov_tt,5.86018752
Megan Leavey,http://www.imdb.com/title/tt4899370/?ref_=cs_ov_tt,5.47508686
Megan Leavey,http://www.imdb.com/title/tt4899370/?ref_=cs_ov_tt,5.40546524
Megan Leavey,http://www.imdb.com/title/tt4899370/?ref_=cs_ov_tt,5.49597334
It Comes at Night,http://www.imdb.com/title/tt4695012/?ref_=cs_ov_tt,6.17656393
It Comes at Night,http://www.imdb.com/title/tt4695012/?ref_=cs_ov_tt,6.14175312
The Hero,http://www.imdb.com/title/tt5655222/?ref_=cs_ov_tt,5.87975548
The Hero,http://www.imdb.com/title/tt5655222/?ref_=cs_ov_tt,5.85886899
Beatriz at Dinner,http://www.imdb.com/title/tt5929750/?ref_=cs_ov_tt,6.15887264
My Cousin Rachel,http://www.imdb.com/title/tt4411596/?ref_=cs_ov_tt,5.67404633
My Cousin Rachel,http://www.imdb.com/title/tt4411596/?ref_=cs_ov_tt,5.68100849
My Cousin Rachel,http://www.imdb.com/title/tt4411596/?ref_=cs_ov_tt,5.70189498
Cars 3,http://www.imdb.com/title/tt3606752/?ref_=cs_ov_tt,5.58650076
Cars 3,http://www.imdb.com/title/tt3606752/?ref_=cs_ov_tt,5.51687914
Cars 3,http://www.imdb.com/title/tt3606752/?ref_=cs_ov_tt,5.55168995
Cars 3,http://www.imdb.com/title/tt3606752/?ref_=cs_ov_tt,5.6143494
Cars 3,http://www.imdb.com/title/tt3606752/?ref_=cs_ov_tt,5.60738724
All Eyez on Me,http://www.imdb.com/title/tt1666185/?ref_=cs_ov_tt,6.11903073
All Eyez on Me,http://www.imdb.com/title/tt1666185/?ref_=cs_ov_tt,6.04940912
All Eyez on Me,http://www.imdb.com/title/tt1666185/?ref_=cs_ov_tt,6.14687938
Rough Night,http://www.imdb.com/title/tt4799050/?ref_=cs_ov_tt,5.77686186
The Book of Henry,http://www.imdb.com/title/tt4572792/?ref_=cs_ov_tt,5.6155949
The Book of Henry,http://www.imdb.com/title/tt4572792/?ref_=cs_ov_tt,5.62951922
Maudie,http://www.imdb.com/title/tt3721954/?ref_=cs_ov_tt,5.82411634
Maudie,http://www.imdb.com/title/tt3721954/?ref_=cs_ov_tt,5.75449472
Maudie,http://www.imdb.com/title/tt3721954/?ref_=cs_ov_tt,5.78234337
Transformers: The Last Knight,http://www.imdb.com/title/tt3371366/?ref_=cs_ov_tt,5.79294481
Transformers: The Last Knight,http://www.imdb.com/title/tt3371366/?ref_=cs_ov_tt,5.79990697
Transformers: The Last Knight,http://www.imdb.com/title/tt3371366/?ref_=cs_ov_tt,5.86256643
Transformers: The Last Knight,http://www.imdb.com/title/tt3371366/?ref_=cs_ov_tt,5.82775562
The Big Sick,http://www.imdb.com/title/tt5462602/?ref_=cs_ov_tt,5.73747068
The Big Sick,http://www.imdb.com/title/tt5462602/?ref_=cs_ov_tt,5.74443284
The Beguiled,http://www.imdb.com/title/tt5592248/?ref_=cs_ov_tt,6.06979065
The Beguiled,http://www.imdb.com/title/tt5592248/?ref_=cs_ov_tt,6.17422308
The Bad Batch,http://www.imdb.com/title/tt4334266/?ref_=cs_ov_tt,6.09825405
The Bad Batch,http://www.imdb.com/title/tt4334266/?ref_=cs_ov_tt,6.11914053
47 Meters Down,http://www.imdb.com/title/tt2932536/?ref_=cs_ov_tt,5.86045393
47 Meters Down,http://www.imdb.com/title/tt2932536/?ref_=cs_ov_tt,5.83260528
Despicable Me 3,http://www.imdb.com/title/tt3469046/?ref_=cs_ov_tt,5.78971059
Despicable Me 3,http://www.imdb.com/title/tt3469046/?ref_=cs_ov_tt,5.71312681
Despicable Me 3,http://www.imdb.com/title/tt3469046/?ref_=cs_ov_tt,5.72008897
Despicable Me 3,http://www.imdb.com/title/tt3469046/?ref_=cs_ov_tt,5.75489978
Despicable Me 3,http://www.imdb.com/title/tt3469046/?ref_=cs_ov_tt,5.81755924
Despicable Me 3,http://www.imdb.com/title/tt3469046/?ref_=cs_ov_tt,5.78274843
The House,http://www.imdb.com/title/tt4481514/?ref_=cs_ov_tt,5.51106053
Amityville: The Awakening,http://www.imdb.com/title/tt1935897/?ref_=cs_ov_tt,6.16754872
Amityville: The Awakening,http://www.imdb.com/title/tt1935897/?ref_=cs_ov_tt,6.13970007
Wish Upon,http://www.imdb.com/title/tt5322012/?ref_=cs_ov_tt,5.85623577
Wish Upon,http://www.imdb.com/title/tt5322012/?ref_=cs_ov_tt,5.9049709
Wish Upon,http://www.imdb.com/title/tt5322012/?ref_=cs_ov_tt,5.87712226
Elser,http://www.imdb.com/title/tt1708135/?ref_=cs_ov_tt,6.21636702
Elser,http://www.imdb.com/title/tt1708135/?ref_=cs_ov_tt,6.1467454
Elser,http://www.imdb.com/title/tt1708135/?ref_=cs_ov_tt,6.23725351
Spider-Man: Homecoming,http://www.imdb.com/title/tt2250912/?ref_=cs_ov_tt,5.82264179
Spider-Man: Homecoming,http://www.imdb.com/title/tt2250912/?ref_=cs_ov_tt,5.82960396
Spider-Man: Homecoming,http://www.imdb.com/title/tt2250912/?ref_=cs_ov_tt,5.89226341
A Ghost Story,http://www.imdb.com/title/tt6265828/?ref_=cs_ov_tt,6.02174592
A Ghost Story,http://www.imdb.com/title/tt6265828/?ref_=cs_ov_tt,6.01478376
A Ghost Story,http://www.imdb.com/title/tt6265828/?ref_=cs_ov_tt,6.04959457
Step,http://www.imdb.com/title/tt5758404/?ref_=cs_ov_tt,5.764032
War for the Planet of the Apes,http://www.imdb.com/title/tt3450958/?ref_=cs_ov_tt,5.61187514
War for the Planet of the Apes,http://www.imdb.com/title/tt3450958/?ref_=cs_ov_tt,5.6188373
War for the Planet of the Apes,http://www.imdb.com/title/tt3450958/?ref_=cs_ov_tt,5.63276163
War for the Planet of the Apes,http://www.imdb.com/title/tt3450958/?ref_=cs_ov_tt,5.68149676
Bad Dads,http://www.imdb.com/title/tt6139974/?ref_=cs_ov_tt,5.98631259
Midnight Sun,http://www.imdb.com/title/tt4799066/?ref_=cs_ov_tt,6.02531773
Midnight Sun,http://www.imdb.com/title/tt4799066/?ref_=cs_ov_tt,6.05316637
Lady Macbeth,http://www.imdb.com/title/tt4291600/?ref_=cs_ov_tt,6.01918479
Dunkirk,http://www.imdb.com/title/tt5013056/?ref_=cs_ov_tt,6.78935444
Dunkirk,http://www.imdb.com/title/tt5013056/?ref_=cs_ov_tt,6.81024093
Dunkirk,http://www.imdb.com/title/tt5013056/?ref_=cs_ov_tt,6.82416525
Dunkirk,http://www.imdb.com/title/tt5013056/?ref_=cs_ov_tt,6.90074903
Valerian and the City of a Thousand Planets,http://www.imdb.com/title/tt2239822/?ref_=cs_ov_tt,5.99345887
Valerian and the City of a Thousand Planets,http://www.imdb.com/title/tt2239822/?ref_=cs_ov_tt,6.00042103
Valerian and the City of a Thousand Planets,http://www.imdb.com/title/tt2239822/?ref_=cs_ov_tt,6.06308049
Girls Trip,http://www.imdb.com/title/tt3564472/?ref_=cs_ov_tt,5.6788017
The Dark Tower,http://www.imdb.com/title/tt1648190/?ref_=cs_ov_tt,5.72512167
The Dark Tower,http://www.imdb.com/title/tt1648190/?ref_=cs_ov_tt,5.73208383
The Dark Tower,http://www.imdb.com/title/tt1648190/?ref_=cs_ov_tt,5.73904599
The Dark Tower,http://www.imdb.com/title/tt1648190/?ref_=cs_ov_tt,5.78778113
The Dark Tower,http://www.imdb.com/title/tt1648190/?ref_=cs_ov_tt,5.79474329
The Dark Tower,http://www.imdb.com/title/tt1648190/?ref_=cs_ov_tt,5.85044058
Atomic Blonde,http://www.imdb.com/title/tt2406566/?ref_=cs_ov_tt,5.91361447
Atomic Blonde,http://www.imdb.com/title/tt2406566/?ref_=cs_ov_tt,5.94146312
Atomic Blonde,http://www.imdb.com/title/tt2406566/?ref_=cs_ov_tt,5.94842528
An Inconvenient Sequel: Truth to Power,http://www.imdb.com/title/tt6322922/?ref_=cs_ov_tt,5.8784898
Baby Driver,http://www.imdb.com/title/tt3890160/?ref_=cs_ov_tt,6.0239771
Baby Driver,http://www.imdb.com/title/tt3890160/?ref_=cs_ov_tt,6.10752304
Baby Driver,http://www.imdb.com/title/tt3890160/?ref_=cs_ov_tt,6.05878791
Annabelle: Creation,http://www.imdb.com/title/tt5140878/?ref_=cs_ov_tt,5.71251495
Annabelle: Creation,http://www.imdb.com/title/tt5140878/?ref_=cs_ov_tt,5.67770414
Annabelle: Creation,http://www.imdb.com/title/tt5140878/?ref_=cs_ov_tt,5.68466631
The Hitman's Bodyguard,http://www.imdb.com/title/tt1959563/?ref_=cs_ov_tt,5.68070687
The Hitman's Bodyguard,http://www.imdb.com/title/tt1959563/?ref_=cs_ov_tt,5.72247984
The Nut Job 2: Nutty by Nature,http://www.imdb.com/title/tt3486626/?ref_=cs_ov_tt,5.70482222
The Nut Job 2: Nutty by Nature,http://www.imdb.com/title/tt3486626/?ref_=cs_ov_tt,5.6352006
The Nut Job 2: Nutty by Nature,http://www.imdb.com/title/tt3486626/?ref_=cs_ov_tt,5.67001141
The Nut Job 2: Nutty by Nature,http://www.imdb.com/title/tt3486626/?ref_=cs_ov_tt,5.73267087
Villa Capri,http://www.imdb.com/title/tt5721088/?ref_=cs_ov_tt,6.01666341
Villa Capri,http://www.imdb.com/title/tt5721088/?ref_=cs_ov_tt,6.05843638
Tulip Fever,http://www.imdb.com/title/tt0491203/?ref_=cs_ov_tt,5.98889993
Tulip Fever,http://www.imdb.com/title/tt0491203/?ref_=cs_ov_tt,6.01674858
Polaroid,http://www.imdb.com/title/tt5598292/?ref_=cs_ov_tt,5.55962811
Renegades,http://www.imdb.com/title/tt4106376/?ref_=cs_ov_tt,5.69854518
Renegades,http://www.imdb.com/title/tt4106376/?ref_=cs_ov_tt,5.73335599
It,http://www.imdb.com/title/tt1396484/?ref_=cs_ov_tt,5.50535095
It,http://www.imdb.com/title/tt1396484/?ref_=cs_ov_tt,5.54712392
American Assassin,http://www.imdb.com/title/tt1961175/?ref_=cs_ov_tt,5.85284305
American Assassin,http://www.imdb.com/title/tt1961175/?ref_=cs_ov_tt,5.88765386
The Solutrean,http://www.imdb.com/title/tt4244998/?ref_=cs_ov_tt,5.82067265
The Solutrean,http://www.imdb.com/title/tt4244998/?ref_=cs_ov_tt,5.84155914
The Solutrean,http://www.imdb.com/title/tt4244998/?ref_=cs_ov_tt,5.85548346
The LEGO NINJAGO Movie,http://www.imdb.com/title/tt3014284/?ref_=cs_ov_tt,5.68415885
The LEGO NINJAGO Movie,http://www.imdb.com/title/tt3014284/?ref_=cs_ov_tt,5.60757507
The LEGO NINJAGO Movie,http://www.imdb.com/title/tt3014284/?ref_=cs_ov_tt,5.61453723
The LEGO NINJAGO Movie,http://www.imdb.com/title/tt3014284/?ref_=cs_ov_tt,5.64934804
The LEGO NINJAGO Movie,http://www.imdb.com/title/tt3014284/?ref_=cs_ov_tt,5.7120075
Battle of the Sexes,http://www.imdb.com/title/tt4622512/?ref_=cs_ov_tt,5.7838086
Battle of the Sexes,http://www.imdb.com/title/tt4622512/?ref_=cs_ov_tt,5.73507347
Battle of the Sexes,http://www.imdb.com/title/tt4622512/?ref_=cs_ov_tt,5.79077077
Friend Request,http://www.imdb.com/title/tt3352390/?ref_=cs_ov_tt,6.03159708
Friend Request,http://www.imdb.com/title/tt3352390/?ref_=cs_ov_tt,6.00374843
Granite Mountain,http://www.imdb.com/title/tt3829920/?ref_=cs_ov_tt,5.9579093
Victoria and Abdul,http://www.imdb.com/title/tt5816682/?ref_=cs_ov_tt,5.624759
American Made,http://www.imdb.com/title/tt3532216/?ref_=cs_ov_tt,5.96862001
American Made,http://www.imdb.com/title/tt3532216/?ref_=cs_ov_tt,5.91988487
Flatliners,http://www.imdb.com/title/tt2039338/?ref_=cs_ov_tt,5.66839021
Flatliners,http://www.imdb.com/title/tt2039338/?ref_=cs_ov_tt,5.71016318
Flatliners,http://www.imdb.com/title/tt2039338/?ref_=cs_ov_tt,5.71712534
Flatliners,http://www.imdb.com/title/tt2039338/?ref_=cs_ov_tt,5.68231453
