movie_title,movie_imdb_link,imdb_score,rating_actual
Underworld: Blood Wars,http://www.imdb.com/title/tt3717252/?ref_=cs_ov_tt,5.79309924,5.8
Underworld: Blood Wars,http://www.imdb.com/title/tt3717252/?ref_=cs_ov_tt,5.8000614,5.8
Underworld: Blood Wars,http://www.imdb.com/title/tt3717252/?ref_=cs_ov_tt,5.80702357,5.8
A Monster Calls,http://www.imdb.com/title/tt3416532/?ref_=cs_ov_tt,5.67369076,7.5
A Monster Calls,http://www.imdb.com/title/tt3416532/?ref_=cs_ov_tt,5.66672859,7.5
I  Daniel Blake,http://www.imdb.com/title/tt5168192/?ref_=cs_ov_tt,6.03080598,7.9
D'Ardennen,http://www.imdb.com/title/tt2586118/?ref_=cs_ov_tt,5.61314866,6.8
Railroad Tigers,http://www.imdb.com/title/tt4687848/?ref_=cs_ov_tt,6.11245592,6.1
Railroad Tigers,http://www.imdb.com/title/tt4687848/?ref_=cs_ov_tt,6.15422889,6.1
Railroad Tigers,http://www.imdb.com/title/tt4687848/?ref_=cs_ov_tt,6.22385051,6.1
Patriots Day,http://www.imdb.com/title/tt4572514/?ref_=cs_ov_tt,6.04061431,7.4
Patriots Day,http://www.imdb.com/title/tt4572514/?ref_=cs_ov_tt,6.07542511,7.4
Patriots Day,http://www.imdb.com/title/tt4572514/?ref_=cs_ov_tt,6.05453863,7.4
Monster Trucks,http://www.imdb.com/title/tt3095734/?ref_=cs_ov_tt,6.00991615,5.6
Monster Trucks,http://www.imdb.com/title/tt3095734/?ref_=cs_ov_tt,6.01687832,5.6
Monster Trucks,http://www.imdb.com/title/tt3095734/?ref_=cs_ov_tt,6.05168912,5.6
Monster Trucks,http://www.imdb.com/title/tt3095734/?ref_=cs_ov_tt,6.11434858,5.6
Monster Trucks,http://www.imdb.com/title/tt3095734/?ref_=cs_ov_tt,6.02384048,5.6
Monster Trucks,http://www.imdb.com/title/tt3095734/?ref_=cs_ov_tt,6.07953777,5.6
The Bye Bye Man,http://www.imdb.com/title/tt4030600/?ref_=cs_ov_tt,5.90978363,4.1
The Bye Bye Man,http://www.imdb.com/title/tt4030600/?ref_=cs_ov_tt,5.88193498,4.1
Sleepless,http://www.imdb.com/title/tt2072233/?ref_=cs_ov_tt,5.6625616,5.5
Sleepless,http://www.imdb.com/title/tt2072233/?ref_=cs_ov_tt,5.74610754,5.5
Sleepless,http://www.imdb.com/title/tt2072233/?ref_=cs_ov_tt,5.6973724,5.5
OK Jaanu,http://www.imdb.com/title/tt5764024/?ref_=cs_ov_tt,5.9338113,5
OK Jaanu,http://www.imdb.com/title/tt5764024/?ref_=cs_ov_tt,5.96165995,5
Live by Night,http://www.imdb.com/title/tt2361317/?ref_=cs_ov_tt,6.09624322,6.4
Live by Night,http://www.imdb.com/title/tt2361317/?ref_=cs_ov_tt,6.03358377,6.4
The Comedian,http://www.imdb.com/title/tt1967614/?ref_=cs_ov_tt,6.28134167,4.9
The Book of Love,http://www.imdb.com/title/tt1330018/?ref_=cs_ov_tt,5.76890853,5.7
Bad Kids of Crestview Academy,http://www.imdb.com/title/tt3349578/?ref_=cs_ov_tt,5.74400837,7.2
Bad Kids of Crestview Academy,http://www.imdb.com/title/tt3349578/?ref_=cs_ov_tt,5.78578134,7.2
Bad Kids of Crestview Academy,http://www.imdb.com/title/tt3349578/?ref_=cs_ov_tt,5.77881918,7.2
xXx: Return of Xander Cage,http://www.imdb.com/title/tt1293847/?ref_=cs_ov_tt,6.21436756,5.4
xXx: Return of Xander Cage,http://www.imdb.com/title/tt1293847/?ref_=cs_ov_tt,6.22132972,5.4
xXx: Return of Xander Cage,http://www.imdb.com/title/tt1293847/?ref_=cs_ov_tt,6.24917837,5.4
Split,http://www.imdb.com/title/tt4972582/?ref_=cs_ov_tt,6.36511243,7.4
Split,http://www.imdb.com/title/tt4972582/?ref_=cs_ov_tt,6.33726379,7.4
The Founder,http://www.imdb.com/title/tt4276820/?ref_=cs_ov_tt,6.00846968,7.2
The Founder,http://www.imdb.com/title/tt4276820/?ref_=cs_ov_tt,5.93884806,7.2
The Founder,http://www.imdb.com/title/tt4276820/?ref_=cs_ov_tt,5.97365887,7.2
Rester vertical,http://www.imdb.com/title/tt5231812/?ref_=cs_ov_tt,5.89416033,6.5
Rester vertical,http://www.imdb.com/title/tt5231812/?ref_=cs_ov_tt,5.87327384,6.5
The Sunshine Makers,http://www.imdb.com/title/tt4456270/?ref_=cs_ov_tt,5.86658139,6.8
The Sunshine Makers,http://www.imdb.com/title/tt4456270/?ref_=cs_ov_tt,5.77607328,6.8
La tortue rouge,http://www.imdb.com/title/tt3666024/?ref_=cs_ov_tt,5.78412631,7.6
La tortue rouge,http://www.imdb.com/title/tt3666024/?ref_=cs_ov_tt,5.72146686,7.6
Kedi,http://www.imdb.com/title/tt4420704/?ref_=cs_ov_tt,5.64460092,8
Detour,http://www.imdb.com/title/tt4372390/?ref_=cs_ov_tt,5.84014178,6.3
Resident Evil: The Final Chapter,http://www.imdb.com/title/tt2592614/?ref_=cs_ov_tt,6.24440723,5.6
Resident Evil: The Final Chapter,http://www.imdb.com/title/tt2592614/?ref_=cs_ov_tt,6.30706668,5.6
Resident Evil: The Final Chapter,http://www.imdb.com/title/tt2592614/?ref_=cs_ov_tt,6.31402885,5.6
Resident Evil: The Final Chapter,http://www.imdb.com/title/tt2592614/?ref_=cs_ov_tt,6.27921804,5.6
A Dog's Purpose,http://www.imdb.com/title/tt1753383/?ref_=cs_ov_tt,5.88012308,5.9
A Dog's Purpose,http://www.imdb.com/title/tt1753383/?ref_=cs_ov_tt,5.91493389,5.9
A Dog's Purpose,http://www.imdb.com/title/tt1753383/?ref_=cs_ov_tt,5.8940474,5.9
A Dog's Purpose,http://www.imdb.com/title/tt1753383/?ref_=cs_ov_tt,5.97759335,5.9
A Dog's Purpose,http://www.imdb.com/title/tt1753383/?ref_=cs_ov_tt,5.88708524,5.9
Gold,http://www.imdb.com/title/tt1800302/?ref_=cs_ov_tt,6.11763629,6.6
Gold,http://www.imdb.com/title/tt1800302/?ref_=cs_ov_tt,6.13156062,6.6
Gold,http://www.imdb.com/title/tt1800302/?ref_=cs_ov_tt,6.14548494,6.6
Forushande,http://www.imdb.com/title/tt5186714/?ref_=cs_ov_tt,6.08740914,8
Forushande,http://www.imdb.com/title/tt5186714/?ref_=cs_ov_tt,6.10133346,8
Un Padre No Tan Padre,http://www.imdb.com/title/tt4958468/?ref_=cs_ov_tt,5.58647931,6.9
Gong fu yu jia,http://www.imdb.com/title/tt4217392/?ref_=cs_ov_tt,6.10851674,5.6
Gong fu yu jia,http://www.imdb.com/title/tt4217392/?ref_=cs_ov_tt,6.1154789,5.6
Gong fu yu jia,http://www.imdb.com/title/tt4217392/?ref_=cs_ov_tt,6.15028971,5.6
Gong fu yu jia,http://www.imdb.com/title/tt4217392/?ref_=cs_ov_tt,6.13636538,5.6
Midsummer in Newtown,http://www.imdb.com/title/tt5598212/?ref_=cs_ov_tt,5.91612592,6.9
The Space Between Us,http://www.imdb.com/title/tt3922818/?ref_=cs_ov_tt,6.01612558,6.4
The Space Between Us,http://www.imdb.com/title/tt3922818/?ref_=cs_ov_tt,6.03004991,6.4
The Space Between Us,http://www.imdb.com/title/tt3922818/?ref_=cs_ov_tt,6.05789856,6.4
The Space Between Us,http://www.imdb.com/title/tt3922818/?ref_=cs_ov_tt,6.07878504,6.4
Rings,http://www.imdb.com/title/tt0498381/?ref_=cs_ov_tt,5.63330997,4.5
Rings,http://www.imdb.com/title/tt0498381/?ref_=cs_ov_tt,5.67508294,4.5
Journey to the West: The Demons Strike Back,http://www.imdb.com/title/tt5273624/?ref_=cs_ov_tt,5.8897914,5.6
Journey to the West: The Demons Strike Back,http://www.imdb.com/title/tt5273624/?ref_=cs_ov_tt,5.92460221,5.6
Journey to the West: The Demons Strike Back,http://www.imdb.com/title/tt5273624/?ref_=cs_ov_tt,5.89675356,5.6
I Am Not Your Negro,http://www.imdb.com/title/tt5804038/?ref_=cs_ov_tt,5.84021,7.3
The Comedian,http://www.imdb.com/title/tt1967614/?ref_=cs_ov_tt,6.28134167,4.9
The LEGO Batman Movie,http://www.imdb.com/title/tt4116284/?ref_=cs_ov_tt,6.15777844,7.6
The LEGO Batman Movie,http://www.imdb.com/title/tt4116284/?ref_=cs_ov_tt,6.08119466,7.6
The LEGO Batman Movie,http://www.imdb.com/title/tt4116284/?ref_=cs_ov_tt,6.08815683,7.6
The LEGO Batman Movie,http://www.imdb.com/title/tt4116284/?ref_=cs_ov_tt,6.12296764,7.6
The LEGO Batman Movie,http://www.imdb.com/title/tt4116284/?ref_=cs_ov_tt,6.18562709,7.6
The LEGO Batman Movie,http://www.imdb.com/title/tt4116284/?ref_=cs_ov_tt,6.09511899,7.6
Fifty Shades Darker,http://www.imdb.com/title/tt4465564/?ref_=cs_ov_tt,6.07130588,4.7
Fifty Shades Darker,http://www.imdb.com/title/tt4465564/?ref_=cs_ov_tt,6.09915452,4.7
John Wick: Chapter 2,http://www.imdb.com/title/tt4425200/?ref_=cs_ov_tt,6.17317571,8.1
John Wick: Chapter 2,http://www.imdb.com/title/tt4425200/?ref_=cs_ov_tt,6.25672165,8.1
John Wick: Chapter 2,http://www.imdb.com/title/tt4425200/?ref_=cs_ov_tt,6.20798652,8.1
Jolly LLB 2,http://www.imdb.com/title/tt5982852/?ref_=cs_ov_tt,6.2680304,7.6
Jolly LLB 2,http://www.imdb.com/title/tt5982852/?ref_=cs_ov_tt,6.24714391,7.6
A United Kingdom,http://www.imdb.com/title/tt3387266/?ref_=cs_ov_tt,6.13530697,6.7
A United Kingdom,http://www.imdb.com/title/tt3387266/?ref_=cs_ov_tt,6.06568535,6.7
A United Kingdom,http://www.imdb.com/title/tt3387266/?ref_=cs_ov_tt,6.093534,6.7
Kedi,http://www.imdb.com/title/tt4420704/?ref_=cs_ov_tt,5.64460092,8
The Great Wall,http://www.imdb.com/title/tt2034800/?ref_=cs_ov_tt,6.261731,6.1
The Great Wall,http://www.imdb.com/title/tt2034800/?ref_=cs_ov_tt,6.26869316,6.1
The Great Wall,http://www.imdb.com/title/tt2034800/?ref_=cs_ov_tt,6.27565533,6.1
The Great Wall,http://www.imdb.com/title/tt2034800/?ref_=cs_ov_tt,6.29654181,6.1
Fist Fight,http://www.imdb.com/title/tt3401882/?ref_=cs_ov_tt,5.75219381,5.8
A Cure for Wellness,http://www.imdb.com/title/tt4731136/?ref_=cs_ov_tt,6.01464337,6.5
A Cure for Wellness,http://www.imdb.com/title/tt4731136/?ref_=cs_ov_tt,6.00768121,6.5
A Cure for Wellness,http://www.imdb.com/title/tt4731136/?ref_=cs_ov_tt,6.05641635,6.5
A Cure for Wellness,http://www.imdb.com/title/tt4731136/?ref_=cs_ov_tt,6.02160554,6.5
A Cure for Wellness,http://www.imdb.com/title/tt4731136/?ref_=cs_ov_tt,6.06337851,6.5
A Cure for Wellness,http://www.imdb.com/title/tt4731136/?ref_=cs_ov_tt,6.0285677,6.5
Under sandet,http://www.imdb.com/title/tt3841424/?ref_=cs_ov_tt,5.88098944,7.8
Under sandet,http://www.imdb.com/title/tt3841424/?ref_=cs_ov_tt,5.91580025,7.8
Under sandet,http://www.imdb.com/title/tt3841424/?ref_=cs_ov_tt,5.97149754,7.8
Everybody Loves Somebody,http://www.imdb.com/title/tt5537228/?ref_=cs_ov_tt,5.75175309,6.6
Everybody Loves Somebody,http://www.imdb.com/title/tt5537228/?ref_=cs_ov_tt,5.75871525,6.6
Lovesong,http://www.imdb.com/title/tt4305148/?ref_=cs_ov_tt,5.96515224,6.5
In Dubious Battle,http://www.imdb.com/title/tt4411618/?ref_=cs_ov_tt,6.5348192,6.2
XX,http://www.imdb.com/title/tt3322892/?ref_=cs_ov_tt,5.7161792,4.7
Get Out,http://www.imdb.com/title/tt5052448/?ref_=cs_ov_tt,6.11812739,8.1
Get Out,http://www.imdb.com/title/tt5052448/?ref_=cs_ov_tt,6.08331658,8.1
Collide,http://www.imdb.com/title/tt2126235/?ref_=cs_ov_tt,5.67545316,5.7
Collide,http://www.imdb.com/title/tt2126235/?ref_=cs_ov_tt,5.75899911,5.7
Collide,http://www.imdb.com/title/tt2126235/?ref_=cs_ov_tt,5.71026397,5.7
Rock Dog,http://www.imdb.com/title/tt2822672/?ref_=cs_ov_tt,5.94995015,5.6
Rock Dog,http://www.imdb.com/title/tt2822672/?ref_=cs_ov_tt,5.88032853,5.6
Rock Dog,http://www.imdb.com/title/tt2822672/?ref_=cs_ov_tt,5.91513934,5.6
Rock Dog,http://www.imdb.com/title/tt2822672/?ref_=cs_ov_tt,5.9777988,5.6
Rock Dog,http://www.imdb.com/title/tt2822672/?ref_=cs_ov_tt,5.99172312,5.6
Bitter Harvest,http://www.imdb.com/title/tt3182620/?ref_=cs_ov_tt,5.73245067,6.1
Bitter Harvest,http://www.imdb.com/title/tt3182620/?ref_=cs_ov_tt,5.76029932,6.1
Bitter Harvest,http://www.imdb.com/title/tt3182620/?ref_=cs_ov_tt,5.82295878,6.1
As You Are,http://www.imdb.com/title/tt4444438/?ref_=cs_ov_tt,6.02990355,6.6
As You Are,http://www.imdb.com/title/tt4444438/?ref_=cs_ov_tt,6.03686571,6.6
Punching Henry,http://www.imdb.com/title/tt4283414/?ref_=cs_ov_tt,5.62399893,5.6
Logan,http://www.imdb.com/title/tt3315342/?ref_=cs_ov_tt,6.85064311,8.4
Logan,http://www.imdb.com/title/tt3315342/?ref_=cs_ov_tt,6.8715296,8.4
Logan,http://www.imdb.com/title/tt3315342/?ref_=cs_ov_tt,6.92026473,8.4
Logan,http://www.imdb.com/title/tt3315342/?ref_=cs_ov_tt,6.88545392,8.4
The Shack,http://www.imdb.com/title/tt2872518/?ref_=cs_ov_tt,6.0207355,6.5
The Shack,http://www.imdb.com/title/tt2872518/?ref_=cs_ov_tt,6.01377334,6.5
Before I Fall,http://www.imdb.com/title/tt1691916/?ref_=cs_ov_tt,5.93128589,6.5
Before I Fall,http://www.imdb.com/title/tt1691916/?ref_=cs_ov_tt,5.93824806,6.5
Table 19,http://www.imdb.com/title/tt1412528/?ref_=cs_ov_tt,5.78841433,5.8
Table 19,http://www.imdb.com/title/tt1412528/?ref_=cs_ov_tt,5.76752784,5.8
The Last Word,http://www.imdb.com/title/tt5023260/?ref_=cs_ov_tt,5.94216644,6.6
The Last Word,http://www.imdb.com/title/tt5023260/?ref_=cs_ov_tt,5.92127995,6.6
Donald Cried,http://www.imdb.com/title/tt4442604/?ref_=cs_ov_tt,5.86281522,6.9
Donald Cried,http://www.imdb.com/title/tt4442604/?ref_=cs_ov_tt,5.84192874,6.9
Catfight,http://www.imdb.com/title/tt5294198/?ref_=cs_ov_tt,5.75529568,5.7
Catfight,http://www.imdb.com/title/tt5294198/?ref_=cs_ov_tt,5.7344092,5.7
Wolves,http://www.imdb.com/title/tt4623856/?ref_=cs_ov_tt,5.95128953,5.3
Junction 48,http://www.imdb.com/title/tt5140182/?ref_=cs_ov_tt,5.72368358,7.2
Junction 48,http://www.imdb.com/title/tt5140182/?ref_=cs_ov_tt,5.81419168,7.2
Junction 48,http://www.imdb.com/title/tt5140182/?ref_=cs_ov_tt,5.80722952,7.2
Junction 48,http://www.imdb.com/title/tt5140182/?ref_=cs_ov_tt,5.74457006,7.2
Junction 48,http://www.imdb.com/title/tt5140182/?ref_=cs_ov_tt,5.84204033,7.2
Junction 48,http://www.imdb.com/title/tt5140182/?ref_=cs_ov_tt,5.75849439,7.2
Contemporary Color,http://www.imdb.com/title/tt5258306/?ref_=cs_ov_tt,5.68703387,6.9
Kong: Skull Island,http://www.imdb.com/title/tt3731562/?ref_=cs_ov_tt,6.33365263,7
Kong: Skull Island,http://www.imdb.com/title/tt3731562/?ref_=cs_ov_tt,6.34061479,7
Kong: Skull Island,http://www.imdb.com/title/tt3731562/?ref_=cs_ov_tt,6.34757695,7
Kong: Skull Island,http://www.imdb.com/title/tt3731562/?ref_=cs_ov_tt,6.40327424,7
Grave,http://www.imdb.com/title/tt4954522/?ref_=cs_ov_tt,5.99005676,7.5
Grave,http://www.imdb.com/title/tt4954522/?ref_=cs_ov_tt,6.03182973,7.5
Badrinath Ki Dulhania,http://www.imdb.com/title/tt6277440/?ref_=cs_ov_tt,6.06298639,6.3
Badrinath Ki Dulhania,http://www.imdb.com/title/tt6277440/?ref_=cs_ov_tt,6.0420999,6.3
Badrinath Ki Dulhania,http://www.imdb.com/title/tt6277440/?ref_=cs_ov_tt,6.06994855,6.3
The Ottoman Lieutenant,http://www.imdb.com/title/tt4943322/?ref_=cs_ov_tt,5.95739023,4.7
The Ottoman Lieutenant,http://www.imdb.com/title/tt4943322/?ref_=cs_ov_tt,6.04789833,4.7
Personal Shopper,http://www.imdb.com/title/tt4714782/?ref_=cs_ov_tt,6.11460604,6.4
Personal Shopper,http://www.imdb.com/title/tt4714782/?ref_=cs_ov_tt,6.1215682,6.4
Personal Shopper,http://www.imdb.com/title/tt4714782/?ref_=cs_ov_tt,6.12853036,6.4
The Sense of an Ending,http://www.imdb.com/title/tt4827986/?ref_=cs_ov_tt,6.01409814,6.7
My Scientology Movie,http://www.imdb.com/title/tt5111874/?ref_=cs_ov_tt,5.86127866,6.7
The Other Half,http://www.imdb.com/title/tt4625334/?ref_=cs_ov_tt,6.03050529,5.3
The Other Half,http://www.imdb.com/title/tt4625334/?ref_=cs_ov_tt,6.05835394,5.3
The Dark Below,http://www.imdb.com/title/tt3591696/?ref_=cs_ov_tt,5.88414842,5.1
Uncertain,http://www.imdb.com/title/tt2630352/?ref_=cs_ov_tt,5.91809393,7.5
Uncertain,http://www.imdb.com/title/tt2630352/?ref_=cs_ov_tt,5.8136615,7.5
Uncertain,http://www.imdb.com/title/tt2630352/?ref_=cs_ov_tt,5.79277502,7.5
Suntan,http://www.imdb.com/title/tt3954660/?ref_=cs_ov_tt,6.01624716,6.9
Suntan,http://www.imdb.com/title/tt3954660/?ref_=cs_ov_tt,5.99536067,6.9
Suntan,http://www.imdb.com/title/tt3954660/?ref_=cs_ov_tt,6.02320932,6.9
Suntan,http://www.imdb.com/title/tt3954660/?ref_=cs_ov_tt,6.009285,6.9
Beauty and the Beast,http://www.imdb.com/title/tt2771200/?ref_=cs_ov_tt,7.52624052,7.7
Beauty and the Beast,http://www.imdb.com/title/tt2771200/?ref_=cs_ov_tt,7.43573241,7.7
Beauty and the Beast,http://www.imdb.com/title/tt2771200/?ref_=cs_ov_tt,7.56105133,7.7
Beauty and the Beast,http://www.imdb.com/title/tt2771200/?ref_=cs_ov_tt,7.47054322,7.7
T2 Trainspotting,http://www.imdb.com/title/tt2763304/?ref_=cs_ov_tt,6.02974802,7.7
Song to Song,http://www.imdb.com/title/tt2062700/?ref_=cs_ov_tt,6.13824087,6.7
Song to Song,http://www.imdb.com/title/tt2062700/?ref_=cs_ov_tt,6.23571114,6.7
Song to Song,http://www.imdb.com/title/tt2062700/?ref_=cs_ov_tt,6.16608952,6.7
The Belko Experiment,http://www.imdb.com/title/tt1082807/?ref_=cs_ov_tt,5.81263806,6.4
The Belko Experiment,http://www.imdb.com/title/tt1082807/?ref_=cs_ov_tt,5.87529752,6.4
The Belko Experiment,http://www.imdb.com/title/tt1082807/?ref_=cs_ov_tt,5.84744887,6.4
Frantz,http://www.imdb.com/title/tt5029608/?ref_=cs_ov_tt,5.66406737,7.5
Frantz,http://www.imdb.com/title/tt5029608/?ref_=cs_ov_tt,5.69887818,7.5
Frantz,http://www.imdb.com/title/tt5029608/?ref_=cs_ov_tt,5.75457548,7.5
They Call Me Jeeg,http://www.imdb.com/title/tt3775086/?ref_=cs_ov_tt,5.86704052,7.3
They Call Me Jeeg,http://www.imdb.com/title/tt3775086/?ref_=cs_ov_tt,5.90881349,7.3
They Call Me Jeeg,http://www.imdb.com/title/tt3775086/?ref_=cs_ov_tt,5.93666214,7.3
Betting on Zero,http://www.imdb.com/title/tt3762912/?ref_=cs_ov_tt,5.79605321,7.6
Power Rangers,http://www.imdb.com/title/tt3717490/?ref_=cs_ov_tt,5.98353427,6.9
Power Rangers,http://www.imdb.com/title/tt3717490/?ref_=cs_ov_tt,5.99049643,6.9
Power Rangers,http://www.imdb.com/title/tt3717490/?ref_=cs_ov_tt,6.05315589,6.9
Life,http://www.imdb.com/title/tt5442430/?ref_=cs_ov_tt,6.22172264,7
Life,http://www.imdb.com/title/tt5442430/?ref_=cs_ov_tt,6.2286848,7
Life,http://www.imdb.com/title/tt5442430/?ref_=cs_ov_tt,6.19387399,7
CHIPS,http://www.imdb.com/title/tt0493405/?ref_=cs_ov_tt,5.58096188,5.6
CHIPS,http://www.imdb.com/title/tt0493405/?ref_=cs_ov_tt,5.62273485,5.6
CHIPS,http://www.imdb.com/title/tt0493405/?ref_=cs_ov_tt,5.66450782,5.6
Wilson,http://www.imdb.com/title/tt1781058/?ref_=cs_ov_tt,5.96047215,5.9
Prevenge,http://www.imdb.com/title/tt5154288/?ref_=cs_ov_tt,5.9173747,6.1
Prevenge,http://www.imdb.com/title/tt5154288/?ref_=cs_ov_tt,5.89648822,6.1
Prevenge,http://www.imdb.com/title/tt5154288/?ref_=cs_ov_tt,5.88952605,6.1
Prevenge,http://www.imdb.com/title/tt5154288/?ref_=cs_ov_tt,5.93826119,6.1
Prevenge,http://www.imdb.com/title/tt5154288/?ref_=cs_ov_tt,5.91041254,6.1
The Levelling,http://www.imdb.com/title/tt5158522/?ref_=cs_ov_tt,5.87325841,6.3
Slamma Jamma,http://www.imdb.com/title/tt5319866/?ref_=cs_ov_tt,5.95380738,8.1
Slamma Jamma,http://www.imdb.com/title/tt5319866/?ref_=cs_ov_tt,6.03039116,8.1
Ghost in the Shell,http://www.imdb.com/title/tt1219827/?ref_=cs_ov_tt,5.92628435,6.8
Ghost in the Shell,http://www.imdb.com/title/tt1219827/?ref_=cs_ov_tt,6.00983029,6.8
Ghost in the Shell,http://www.imdb.com/title/tt1219827/?ref_=cs_ov_tt,5.94717083,6.8
Ghost in the Shell,http://www.imdb.com/title/tt1219827/?ref_=cs_ov_tt,5.95413299,6.8
Ghost in the Shell,http://www.imdb.com/title/tt1219827/?ref_=cs_ov_tt,5.99590596,6.8
Ghost in the Shell,http://www.imdb.com/title/tt1219827/?ref_=cs_ov_tt,5.96109515,6.8
The Boss Baby,http://www.imdb.com/title/tt3874544/?ref_=cs_ov_tt,6.2605198,6.5
The Boss Baby,http://www.imdb.com/title/tt3874544/?ref_=cs_ov_tt,6.22570899,6.5
The Boss Baby,http://www.imdb.com/title/tt3874544/?ref_=cs_ov_tt,6.28836845,6.5
The Zookeeper's Wife,http://www.imdb.com/title/tt1730768/?ref_=cs_ov_tt,6.04599999,7.3
The Zookeeper's Wife,http://www.imdb.com/title/tt1730768/?ref_=cs_ov_tt,5.97637837,7.3
The Zookeeper's Wife,http://www.imdb.com/title/tt1730768/?ref_=cs_ov_tt,6.01118918,7.3
The Zookeeper's Wife,http://www.imdb.com/title/tt1730768/?ref_=cs_ov_tt,6.06688647,7.3
Naam Shabana,http://www.imdb.com/title/tt6170954/?ref_=cs_ov_tt,6.23698759,6.6
Naam Shabana,http://www.imdb.com/title/tt6170954/?ref_=cs_ov_tt,6.2717984,6.6
Czanne et moi,http://www.imdb.com/title/tt5078354/?ref_=cs_ov_tt,5.81532719,5.9
Czanne et moi,http://www.imdb.com/title/tt5078354/?ref_=cs_ov_tt,5.74570557,5.9
