movie_title,movie_imdb_link,imdb_score
Smurfs: The Lost Village,http://www.imdb.com/title/tt2398241/?ref_=cs_ov_tt,7
Smurfs: The Lost Village,http://www.imdb.com/title/tt2398241/?ref_=cs_ov_tt,7
Smurfs: The Lost Village,http://www.imdb.com/title/tt2398241/?ref_=cs_ov_tt,7
Smurfs: The Lost Village,http://www.imdb.com/title/tt2398241/?ref_=cs_ov_tt,7
Smurfs: The Lost Village,http://www.imdb.com/title/tt2398241/?ref_=cs_ov_tt,7
Going in Style,http://www.imdb.com/title/tt2568862/?ref_=cs_ov_tt,7
Going in Style,http://www.imdb.com/title/tt2568862/?ref_=cs_ov_tt,7
The Case for Christ,http://www.imdb.com/title/tt6113488/?ref_=cs_ov_tt,8
Colossal,http://www.imdb.com/title/tt4680182/?ref_=cs_ov_tt,8
Colossal,http://www.imdb.com/title/tt4680182/?ref_=cs_ov_tt,8
Colossal,http://www.imdb.com/title/tt4680182/?ref_=cs_ov_tt,8
Alive and Kicking,http://www.imdb.com/title/tt4329394/?ref_=cs_ov_tt,8
Alive and Kicking,http://www.imdb.com/title/tt4329394/?ref_=cs_ov_tt,8
Alive and Kicking,http://www.imdb.com/title/tt4329394/?ref_=cs_ov_tt,8
Czanne et moi,http://www.imdb.com/title/tt5078354/?ref_=cs_ov_tt,8
Czanne et moi,http://www.imdb.com/title/tt5078354/?ref_=cs_ov_tt,8
Gifted,http://www.imdb.com/title/tt4481414/?ref_=cs_ov_tt,7
Bacalaureat,http://www.imdb.com/title/tt4936450/?ref_=cs_ov_tt,7
Bacalaureat,http://www.imdb.com/title/tt4936450/?ref_=cs_ov_tt,7
Their Finest,http://www.imdb.com/title/tt1661275/?ref_=cs_ov_tt,8
Their Finest,http://www.imdb.com/title/tt1661275/?ref_=cs_ov_tt,8
Their Finest,http://www.imdb.com/title/tt1661275/?ref_=cs_ov_tt,8
Their Finest,http://www.imdb.com/title/tt1661275/?ref_=cs_ov_tt,8
The Void,http://www.imdb.com/title/tt4255304/?ref_=cs_ov_tt,8
The Void,http://www.imdb.com/title/tt4255304/?ref_=cs_ov_tt,8
The Void,http://www.imdb.com/title/tt4255304/?ref_=cs_ov_tt,8
Kimi no na wa,http://www.imdb.com/title/tt5311514/?ref_=cs_ov_tt,8
Kimi no na wa,http://www.imdb.com/title/tt5311514/?ref_=cs_ov_tt,8
Kimi no na wa,http://www.imdb.com/title/tt5311514/?ref_=cs_ov_tt,8
Kimi no na wa,http://www.imdb.com/title/tt5311514/?ref_=cs_ov_tt,8
SHOT! The Psycho-Spiritual Mantra of Rock,http://www.imdb.com/title/tt3044562/?ref_=cs_ov_tt,8
SHOT! The Psycho-Spiritual Mantra of Rock,http://www.imdb.com/title/tt3044562/?ref_=cs_ov_tt,8
SHOT! The Psycho-Spiritual Mantra of Rock,http://www.imdb.com/title/tt3044562/?ref_=cs_ov_tt,8
The Fate of the Furious,http://www.imdb.com/title/tt4630562/?ref_=cs_ov_tt,7
The Fate of the Furious,http://www.imdb.com/title/tt4630562/?ref_=cs_ov_tt,7
The Fate of the Furious,http://www.imdb.com/title/tt4630562/?ref_=cs_ov_tt,7
The Fate of the Furious,http://www.imdb.com/title/tt4630562/?ref_=cs_ov_tt,7
Spark: A Space Tail,http://www.imdb.com/title/tt3228088/?ref_=cs_ov_tt,8
Spark: A Space Tail,http://www.imdb.com/title/tt3228088/?ref_=cs_ov_tt,8
Spark: A Space Tail,http://www.imdb.com/title/tt3228088/?ref_=cs_ov_tt,8
Spark: A Space Tail,http://www.imdb.com/title/tt3228088/?ref_=cs_ov_tt,8
Spark: A Space Tail,http://www.imdb.com/title/tt3228088/?ref_=cs_ov_tt,8
The Lost City of Z,http://www.imdb.com/title/tt1212428/?ref_=cs_ov_tt,8
The Lost City of Z,http://www.imdb.com/title/tt1212428/?ref_=cs_ov_tt,8
The Lost City of Z,http://www.imdb.com/title/tt1212428/?ref_=cs_ov_tt,8
The Lost City of Z,http://www.imdb.com/title/tt1212428/?ref_=cs_ov_tt,8
The Lost City of Z,http://www.imdb.com/title/tt1212428/?ref_=cs_ov_tt,8
Norman,http://www.imdb.com/title/tt4191702/?ref_=cs_ov_tt,8
Norman,http://www.imdb.com/title/tt4191702/?ref_=cs_ov_tt,8
Jeremiah Tower: The Last Magnificent,http://www.imdb.com/title/tt5163286/?ref_=cs_ov_tt,8
Jeremiah Tower: The Last Magnificent,http://www.imdb.com/title/tt5163286/?ref_=cs_ov_tt,8
The Student,http://www.imdb.com/title/tt4874206/?ref_=cs_ov_tt,6
A Quiet Passion,http://www.imdb.com/title/tt2392830/?ref_=cs_ov_tt,8
A Quiet Passion,http://www.imdb.com/title/tt2392830/?ref_=cs_ov_tt,8
Tommy's Honour,http://www.imdb.com/title/tt3467914/?ref_=cs_ov_tt,8
Tommy's Honour,http://www.imdb.com/title/tt3467914/?ref_=cs_ov_tt,8
Tommy's Honour,http://www.imdb.com/title/tt3467914/?ref_=cs_ov_tt,8
Tommy's Honour,http://www.imdb.com/title/tt3467914/?ref_=cs_ov_tt,8
Unforgettable,http://www.imdb.com/title/tt3462710/?ref_=cs_ov_tt,7
Unforgettable,http://www.imdb.com/title/tt3462710/?ref_=cs_ov_tt,7
Born in China,http://www.imdb.com/title/tt4629266/?ref_=cs_ov_tt,8
Phoenix Forgotten,http://www.imdb.com/title/tt6574272/?ref_=cs_ov_tt,7
Phoenix Forgotten,http://www.imdb.com/title/tt6574272/?ref_=cs_ov_tt,7
Phoenix Forgotten,http://www.imdb.com/title/tt6574272/?ref_=cs_ov_tt,7
Free Fire,http://www.imdb.com/title/tt4158096/?ref_=cs_ov_tt,7
Free Fire,http://www.imdb.com/title/tt4158096/?ref_=cs_ov_tt,7
Free Fire,http://www.imdb.com/title/tt4158096/?ref_=cs_ov_tt,7
Jeremiah Tower: The Last Magnificent,http://www.imdb.com/title/tt5163286/?ref_=cs_ov_tt,8
Jeremiah Tower: The Last Magnificent,http://www.imdb.com/title/tt5163286/?ref_=cs_ov_tt,8
Hymyilev mies,http://www.imdb.com/title/tt4771932/?ref_=cs_ov_tt,6
Hymyilev mies,http://www.imdb.com/title/tt4771932/?ref_=cs_ov_tt,6
Hymyilev mies,http://www.imdb.com/title/tt4771932/?ref_=cs_ov_tt,6
Hymyilev mies,http://www.imdb.com/title/tt4771932/?ref_=cs_ov_tt,6
The Promise,http://www.imdb.com/title/tt4776998/?ref_=cs_ov_tt,7
The Promise,http://www.imdb.com/title/tt4776998/?ref_=cs_ov_tt,7
Leap!,http://www.imdb.com/title/tt2261287/?ref_=cs_ov_tt,7
Leap!,http://www.imdb.com/title/tt2261287/?ref_=cs_ov_tt,7
Leap!,http://www.imdb.com/title/tt2261287/?ref_=cs_ov_tt,7
Leap!,http://www.imdb.com/title/tt2261287/?ref_=cs_ov_tt,7
Leap!,http://www.imdb.com/title/tt2261287/?ref_=cs_ov_tt,7
Citizen Jane: Battle for the City,http://www.imdb.com/title/tt3699354/?ref_=cs_ov_tt,8
Citizen Jane: Battle for the City,http://www.imdb.com/title/tt3699354/?ref_=cs_ov_tt,8
Citizen Jane: Battle for the City,http://www.imdb.com/title/tt3699354/?ref_=cs_ov_tt,8
The Circle,http://www.imdb.com/title/tt4287320/?ref_=cs_ov_tt,7
The Circle,http://www.imdb.com/title/tt4287320/?ref_=cs_ov_tt,7
The Circle,http://www.imdb.com/title/tt4287320/?ref_=cs_ov_tt,7
How to Be a Latin Lover,http://www.imdb.com/title/tt4795124/?ref_=cs_ov_tt,6
Sleight,http://www.imdb.com/title/tt4573516/?ref_=cs_ov_tt,6
Sleight,http://www.imdb.com/title/tt4573516/?ref_=cs_ov_tt,6
Sleight,http://www.imdb.com/title/tt4573516/?ref_=cs_ov_tt,6
Sleight,http://www.imdb.com/title/tt4573516/?ref_=cs_ov_tt,6
Buster's Mal Heart,http://www.imdb.com/title/tt5173032/?ref_=cs_ov_tt,6
Buster's Mal Heart,http://www.imdb.com/title/tt5173032/?ref_=cs_ov_tt,6
Buster's Mal Heart,http://www.imdb.com/title/tt5173032/?ref_=cs_ov_tt,6
Shavua ve Yom,http://www.imdb.com/title/tt4777584/?ref_=cs_ov_tt,6
Below Her Mouth,http://www.imdb.com/title/tt5073620/?ref_=cs_ov_tt,6
Guardians of the Galaxy Vol. 2,http://www.imdb.com/title/tt3896198/?ref_=cs_ov_tt,6
Guardians of the Galaxy Vol. 2,http://www.imdb.com/title/tt3896198/?ref_=cs_ov_tt,6
Guardians of the Galaxy Vol. 2,http://www.imdb.com/title/tt3896198/?ref_=cs_ov_tt,6
The Lovers,http://www.imdb.com/title/tt5770620/?ref_=cs_ov_tt,6
The Dinner,http://www.imdb.com/title/tt3203620/?ref_=cs_ov_tt,6
The Dinner,http://www.imdb.com/title/tt3203620/?ref_=cs_ov_tt,6
The Dinner,http://www.imdb.com/title/tt3203620/?ref_=cs_ov_tt,6
3 Generations,http://www.imdb.com/title/tt4158624/?ref_=cs_ov_tt,7
King Arthur: Legend of the Sword,http://www.imdb.com/title/tt1972591/?ref_=cs_ov_tt,7
King Arthur: Legend of the Sword,http://www.imdb.com/title/tt1972591/?ref_=cs_ov_tt,7
King Arthur: Legend of the Sword,http://www.imdb.com/title/tt1972591/?ref_=cs_ov_tt,7
King Arthur: Legend of the Sword,http://www.imdb.com/title/tt1972591/?ref_=cs_ov_tt,7
Snatched,http://www.imdb.com/title/tt2334871/?ref_=cs_ov_tt,6
Snatched,http://www.imdb.com/title/tt2334871/?ref_=cs_ov_tt,6
Lowriders,http://www.imdb.com/title/tt1366338/?ref_=cs_ov_tt,6
Paris Can Wait,http://www.imdb.com/title/tt4429194/?ref_=cs_ov_tt,7
Paris Can Wait,http://www.imdb.com/title/tt4429194/?ref_=cs_ov_tt,7
The Wall,http://www.imdb.com/title/tt4218696/?ref_=cs_ov_tt,6
The Wall,http://www.imdb.com/title/tt4218696/?ref_=cs_ov_tt,6
The Wall,http://www.imdb.com/title/tt4218696/?ref_=cs_ov_tt,6
The Wedding Plan,http://www.imdb.com/title/tt5991206/?ref_=cs_ov_tt,6
The Wedding Plan,http://www.imdb.com/title/tt5991206/?ref_=cs_ov_tt,6
Alien: Covenant,http://www.imdb.com/title/tt2316204/?ref_=cs_ov_tt,7
Alien: Covenant,http://www.imdb.com/title/tt2316204/?ref_=cs_ov_tt,7
Diary of a Wimpy Kid: The Long Haul,http://www.imdb.com/title/tt6003368/?ref_=cs_ov_tt,6
Diary of a Wimpy Kid: The Long Haul,http://www.imdb.com/title/tt6003368/?ref_=cs_ov_tt,6
Everything  Everything,http://www.imdb.com/title/tt5001718/?ref_=cs_ov_tt,6
Everything  Everything,http://www.imdb.com/title/tt5001718/?ref_=cs_ov_tt,6
Pirates of the Caribbean: Dead Men Tell No Tales,http://www.imdb.com/title/tt1790809/?ref_=cs_ov_tt,7
Pirates of the Caribbean: Dead Men Tell No Tales,http://www.imdb.com/title/tt1790809/?ref_=cs_ov_tt,7
Pirates of the Caribbean: Dead Men Tell No Tales,http://www.imdb.com/title/tt1790809/?ref_=cs_ov_tt,7
Pirates of the Caribbean: Dead Men Tell No Tales,http://www.imdb.com/title/tt1790809/?ref_=cs_ov_tt,7
Baywatch,http://www.imdb.com/title/tt1469304/?ref_=cs_ov_tt,7
Wonder Woman,http://www.imdb.com/title/tt0451279/?ref_=cs_ov_tt,7
Wonder Woman,http://www.imdb.com/title/tt0451279/?ref_=cs_ov_tt,7
Wonder Woman,http://www.imdb.com/title/tt0451279/?ref_=cs_ov_tt,7
Wonder Woman,http://www.imdb.com/title/tt0451279/?ref_=cs_ov_tt,7
Captain Underpants: The First Epic Movie,http://www.imdb.com/title/tt2091256/?ref_=cs_ov_tt,6
Captain Underpants: The First Epic Movie,http://www.imdb.com/title/tt2091256/?ref_=cs_ov_tt,6
Captain Underpants: The First Epic Movie,http://www.imdb.com/title/tt2091256/?ref_=cs_ov_tt,6
Captain Underpants: The First Epic Movie,http://www.imdb.com/title/tt2091256/?ref_=cs_ov_tt,6
Captain Underpants: The First Epic Movie,http://www.imdb.com/title/tt2091256/?ref_=cs_ov_tt,6
Dean,http://www.imdb.com/title/tt3914332/?ref_=cs_ov_tt,6
Dean,http://www.imdb.com/title/tt3914332/?ref_=cs_ov_tt,6
3 Idiotas,http://www.imdb.com/title/tt3685624/?ref_=cs_ov_tt,6
3 Idiotas,http://www.imdb.com/title/tt3685624/?ref_=cs_ov_tt,6
Past Life,http://www.imdb.com/title/tt5787384/?ref_=cs_ov_tt,6
The B-Side: Elsa Dorfman's Portrait Photography,http://www.imdb.com/title/tt5952468/?ref_=cs_ov_tt,6
The Mummy,http://www.imdb.com/title/tt2345759/?ref_=cs_ov_tt,7
The Mummy,http://www.imdb.com/title/tt2345759/?ref_=cs_ov_tt,7
The Mummy,http://www.imdb.com/title/tt2345759/?ref_=cs_ov_tt,7
The Mummy,http://www.imdb.com/title/tt2345759/?ref_=cs_ov_tt,7
Megan Leavey,http://www.imdb.com/title/tt4899370/?ref_=cs_ov_tt,6
Megan Leavey,http://www.imdb.com/title/tt4899370/?ref_=cs_ov_tt,6
Megan Leavey,http://www.imdb.com/title/tt4899370/?ref_=cs_ov_tt,6
It Comes at Night,http://www.imdb.com/title/tt4695012/?ref_=cs_ov_tt,6
It Comes at Night,http://www.imdb.com/title/tt4695012/?ref_=cs_ov_tt,6
The Hero,http://www.imdb.com/title/tt5655222/?ref_=cs_ov_tt,6
The Hero,http://www.imdb.com/title/tt5655222/?ref_=cs_ov_tt,6
Beatriz at Dinner,http://www.imdb.com/title/tt5929750/?ref_=cs_ov_tt,6
My Cousin Rachel,http://www.imdb.com/title/tt4411596/?ref_=cs_ov_tt,7
My Cousin Rachel,http://www.imdb.com/title/tt4411596/?ref_=cs_ov_tt,7
My Cousin Rachel,http://www.imdb.com/title/tt4411596/?ref_=cs_ov_tt,7
Cars 3,http://www.imdb.com/title/tt3606752/?ref_=cs_ov_tt,6
Cars 3,http://www.imdb.com/title/tt3606752/?ref_=cs_ov_tt,6
Cars 3,http://www.imdb.com/title/tt3606752/?ref_=cs_ov_tt,6
Cars 3,http://www.imdb.com/title/tt3606752/?ref_=cs_ov_tt,6
Cars 3,http://www.imdb.com/title/tt3606752/?ref_=cs_ov_tt,6
All Eyez on Me,http://www.imdb.com/title/tt1666185/?ref_=cs_ov_tt,6
All Eyez on Me,http://www.imdb.com/title/tt1666185/?ref_=cs_ov_tt,6
All Eyez on Me,http://www.imdb.com/title/tt1666185/?ref_=cs_ov_tt,6
Rough Night,http://www.imdb.com/title/tt4799050/?ref_=cs_ov_tt,7
The Book of Henry,http://www.imdb.com/title/tt4572792/?ref_=cs_ov_tt,7
The Book of Henry,http://www.imdb.com/title/tt4572792/?ref_=cs_ov_tt,7
Maudie,http://www.imdb.com/title/tt3721954/?ref_=cs_ov_tt,6
Maudie,http://www.imdb.com/title/tt3721954/?ref_=cs_ov_tt,6
Maudie,http://www.imdb.com/title/tt3721954/?ref_=cs_ov_tt,6
Transformers: The Last Knight,http://www.imdb.com/title/tt3371366/?ref_=cs_ov_tt,6
Transformers: The Last Knight,http://www.imdb.com/title/tt3371366/?ref_=cs_ov_tt,6
Transformers: The Last Knight,http://www.imdb.com/title/tt3371366/?ref_=cs_ov_tt,6
Transformers: The Last Knight,http://www.imdb.com/title/tt3371366/?ref_=cs_ov_tt,6
The Big Sick,http://www.imdb.com/title/tt5462602/?ref_=cs_ov_tt,6
The Big Sick,http://www.imdb.com/title/tt5462602/?ref_=cs_ov_tt,6
The Beguiled,http://www.imdb.com/title/tt5592248/?ref_=cs_ov_tt,7
The Beguiled,http://www.imdb.com/title/tt5592248/?ref_=cs_ov_tt,7
The Bad Batch,http://www.imdb.com/title/tt4334266/?ref_=cs_ov_tt,7
The Bad Batch,http://www.imdb.com/title/tt4334266/?ref_=cs_ov_tt,7
47 Meters Down,http://www.imdb.com/title/tt2932536/?ref_=cs_ov_tt,6
47 Meters Down,http://www.imdb.com/title/tt2932536/?ref_=cs_ov_tt,6
Despicable Me 3,http://www.imdb.com/title/tt3469046/?ref_=cs_ov_tt,6
Despicable Me 3,http://www.imdb.com/title/tt3469046/?ref_=cs_ov_tt,6
Despicable Me 3,http://www.imdb.com/title/tt3469046/?ref_=cs_ov_tt,6
Despicable Me 3,http://www.imdb.com/title/tt3469046/?ref_=cs_ov_tt,6
Despicable Me 3,http://www.imdb.com/title/tt3469046/?ref_=cs_ov_tt,6
Despicable Me 3,http://www.imdb.com/title/tt3469046/?ref_=cs_ov_tt,6
The House,http://www.imdb.com/title/tt4481514/?ref_=cs_ov_tt,7
Amityville: The Awakening,http://www.imdb.com/title/tt1935897/?ref_=cs_ov_tt,7
Amityville: The Awakening,http://www.imdb.com/title/tt1935897/?ref_=cs_ov_tt,7
Wish Upon,http://www.imdb.com/title/tt5322012/?ref_=cs_ov_tt,7
Wish Upon,http://www.imdb.com/title/tt5322012/?ref_=cs_ov_tt,7
Wish Upon,http://www.imdb.com/title/tt5322012/?ref_=cs_ov_tt,7
Elser,http://www.imdb.com/title/tt1708135/?ref_=cs_ov_tt,6
Elser,http://www.imdb.com/title/tt1708135/?ref_=cs_ov_tt,6
Elser,http://www.imdb.com/title/tt1708135/?ref_=cs_ov_tt,6
Spider-Man: Homecoming,http://www.imdb.com/title/tt2250912/?ref_=cs_ov_tt,7
Spider-Man: Homecoming,http://www.imdb.com/title/tt2250912/?ref_=cs_ov_tt,7
Spider-Man: Homecoming,http://www.imdb.com/title/tt2250912/?ref_=cs_ov_tt,7
A Ghost Story,http://www.imdb.com/title/tt6265828/?ref_=cs_ov_tt,6
A Ghost Story,http://www.imdb.com/title/tt6265828/?ref_=cs_ov_tt,6
A Ghost Story,http://www.imdb.com/title/tt6265828/?ref_=cs_ov_tt,6
Step,http://www.imdb.com/title/tt5758404/?ref_=cs_ov_tt,6
War for the Planet of the Apes,http://www.imdb.com/title/tt3450958/?ref_=cs_ov_tt,6
War for the Planet of the Apes,http://www.imdb.com/title/tt3450958/?ref_=cs_ov_tt,6
War for the Planet of the Apes,http://www.imdb.com/title/tt3450958/?ref_=cs_ov_tt,6
War for the Planet of the Apes,http://www.imdb.com/title/tt3450958/?ref_=cs_ov_tt,6
Bad Dads,http://www.imdb.com/title/tt6139974/?ref_=cs_ov_tt,6
Midnight Sun,http://www.imdb.com/title/tt4799066/?ref_=cs_ov_tt,7
Midnight Sun,http://www.imdb.com/title/tt4799066/?ref_=cs_ov_tt,7
Lady Macbeth,http://www.imdb.com/title/tt4291600/?ref_=cs_ov_tt,6
Dunkirk,http://www.imdb.com/title/tt5013056/?ref_=cs_ov_tt,7
Dunkirk,http://www.imdb.com/title/tt5013056/?ref_=cs_ov_tt,7
Dunkirk,http://www.imdb.com/title/tt5013056/?ref_=cs_ov_tt,7
Dunkirk,http://www.imdb.com/title/tt5013056/?ref_=cs_ov_tt,7
Valerian and the City of a Thousand Planets,http://www.imdb.com/title/tt2239822/?ref_=cs_ov_tt,6
Valerian and the City of a Thousand Planets,http://www.imdb.com/title/tt2239822/?ref_=cs_ov_tt,6
Valerian and the City of a Thousand Planets,http://www.imdb.com/title/tt2239822/?ref_=cs_ov_tt,6
Girls Trip,http://www.imdb.com/title/tt3564472/?ref_=cs_ov_tt,7
The Dark Tower,http://www.imdb.com/title/tt1648190/?ref_=cs_ov_tt,7
The Dark Tower,http://www.imdb.com/title/tt1648190/?ref_=cs_ov_tt,7
The Dark Tower,http://www.imdb.com/title/tt1648190/?ref_=cs_ov_tt,7
The Dark Tower,http://www.imdb.com/title/tt1648190/?ref_=cs_ov_tt,7
The Dark Tower,http://www.imdb.com/title/tt1648190/?ref_=cs_ov_tt,7
The Dark Tower,http://www.imdb.com/title/tt1648190/?ref_=cs_ov_tt,7
Atomic Blonde,http://www.imdb.com/title/tt2406566/?ref_=cs_ov_tt,7
Atomic Blonde,http://www.imdb.com/title/tt2406566/?ref_=cs_ov_tt,7
Atomic Blonde,http://www.imdb.com/title/tt2406566/?ref_=cs_ov_tt,7
An Inconvenient Sequel: Truth to Power,http://www.imdb.com/title/tt6322922/?ref_=cs_ov_tt,6
Baby Driver,http://www.imdb.com/title/tt3890160/?ref_=cs_ov_tt,6
Baby Driver,http://www.imdb.com/title/tt3890160/?ref_=cs_ov_tt,6
Baby Driver,http://www.imdb.com/title/tt3890160/?ref_=cs_ov_tt,6
Annabelle: Creation,http://www.imdb.com/title/tt5140878/?ref_=cs_ov_tt,6
Annabelle: Creation,http://www.imdb.com/title/tt5140878/?ref_=cs_ov_tt,6
Annabelle: Creation,http://www.imdb.com/title/tt5140878/?ref_=cs_ov_tt,6
The Hitman's Bodyguard,http://www.imdb.com/title/tt1959563/?ref_=cs_ov_tt,7
The Hitman's Bodyguard,http://www.imdb.com/title/tt1959563/?ref_=cs_ov_tt,7
The Nut Job 2: Nutty by Nature,http://www.imdb.com/title/tt3486626/?ref_=cs_ov_tt,6
The Nut Job 2: Nutty by Nature,http://www.imdb.com/title/tt3486626/?ref_=cs_ov_tt,6
The Nut Job 2: Nutty by Nature,http://www.imdb.com/title/tt3486626/?ref_=cs_ov_tt,6
The Nut Job 2: Nutty by Nature,http://www.imdb.com/title/tt3486626/?ref_=cs_ov_tt,6
Villa Capri,http://www.imdb.com/title/tt5721088/?ref_=cs_ov_tt,7
Villa Capri,http://www.imdb.com/title/tt5721088/?ref_=cs_ov_tt,7
Tulip Fever,http://www.imdb.com/title/tt0491203/?ref_=cs_ov_tt,7
Tulip Fever,http://www.imdb.com/title/tt0491203/?ref_=cs_ov_tt,7
Polaroid,http://www.imdb.com/title/tt5598292/?ref_=cs_ov_tt,6
Renegades,http://www.imdb.com/title/tt4106376/?ref_=cs_ov_tt,7
Renegades,http://www.imdb.com/title/tt4106376/?ref_=cs_ov_tt,7
It,http://www.imdb.com/title/tt1396484/?ref_=cs_ov_tt,6
It,http://www.imdb.com/title/tt1396484/?ref_=cs_ov_tt,6
American Assassin,http://www.imdb.com/title/tt1961175/?ref_=cs_ov_tt,6
American Assassin,http://www.imdb.com/title/tt1961175/?ref_=cs_ov_tt,6
The Solutrean,http://www.imdb.com/title/tt4244998/?ref_=cs_ov_tt,6
The Solutrean,http://www.imdb.com/title/tt4244998/?ref_=cs_ov_tt,6
The Solutrean,http://www.imdb.com/title/tt4244998/?ref_=cs_ov_tt,6
The LEGO NINJAGO Movie,http://www.imdb.com/title/tt3014284/?ref_=cs_ov_tt,6
The LEGO NINJAGO Movie,http://www.imdb.com/title/tt3014284/?ref_=cs_ov_tt,6
The LEGO NINJAGO Movie,http://www.imdb.com/title/tt3014284/?ref_=cs_ov_tt,6
The LEGO NINJAGO Movie,http://www.imdb.com/title/tt3014284/?ref_=cs_ov_tt,6
The LEGO NINJAGO Movie,http://www.imdb.com/title/tt3014284/?ref_=cs_ov_tt,6
Battle of the Sexes,http://www.imdb.com/title/tt4622512/?ref_=cs_ov_tt,7
Battle of the Sexes,http://www.imdb.com/title/tt4622512/?ref_=cs_ov_tt,7
Battle of the Sexes,http://www.imdb.com/title/tt4622512/?ref_=cs_ov_tt,7
Friend Request,http://www.imdb.com/title/tt3352390/?ref_=cs_ov_tt,6
Friend Request,http://www.imdb.com/title/tt3352390/?ref_=cs_ov_tt,6
Granite Mountain,http://www.imdb.com/title/tt3829920/?ref_=cs_ov_tt,6
Victoria and Abdul,http://www.imdb.com/title/tt5816682/?ref_=cs_ov_tt,6
American Made,http://www.imdb.com/title/tt3532216/?ref_=cs_ov_tt,7
American Made,http://www.imdb.com/title/tt3532216/?ref_=cs_ov_tt,7
Flatliners,http://www.imdb.com/title/tt2039338/?ref_=cs_ov_tt,6
Flatliners,http://www.imdb.com/title/tt2039338/?ref_=cs_ov_tt,6
Flatliners,http://www.imdb.com/title/tt2039338/?ref_=cs_ov_tt,6
Flatliners,http://www.imdb.com/title/tt2039338/?ref_=cs_ov_tt,6
